K,a
10000411,0.0014651459832137337
10000416,0.0034877960544909842
10000425,0.0005865731978754301
10000427,0.0018932369186312344
10000433,0.0030544655657844325
10000440,0.0004904175858804837
10000441,0.00012262038649591986
10000446,4.0989419763708097e-05
10000464,0.0003624946141211711
10000467,0.0025225297353072655
10000468,0.0060694413096701655
10000476,0.0003927354327335047
10000484,0.001061770320651655
10000511,0.0013491237742519252
10000533,0.0002806637749515708
10000554,0.0008361470442827764
10000560,0.00570436115942029
10000561,0.003944917885115018
10000566,0.0008420853446284341
10000574,0.0029807029807853666
10000579,0.0034873002619515386
10000585,0.0014024877884134263
10000586,0.0003900631400901412
10000644,0.002844481322538756
10000647,0.005135102190506023
10000685,0.0008965631335136332
10000691,0.002718359812186277
10000705,0.0037614307591336688
10000708,0.0017723662609770317
10000712,0.0009688759775220788
10000713,0.000453361958055637
10000714,0.0034703273589594716
10000715,0.0006612515183726332
10000752,0.012425675774134793
10000756,0.0014670864613832268
10000757,0.0011912335021571935
10000758,0.0016374972606444248
10000761,-0.0006223096172718351
10000762,0.001993141351618767
10000768,0.0046858197339613265
10000781,0.0013217956690604491
10000786,0.001724188155528396
10000811,0.00084242897585487
10000827,0.0008095245372495573
10000836,0.0019360953644363891
10000839,0.010016718821147269
10000878,0.001525909000356682
10000902,0.000262199598645639
10000956,0.0
10000960,0.001754459638976654
10000996,0.01440138853281595
10001012,0.01527879797979798
10001063,0.032778885714285715
10001066,0.0012808272004710035
10001095,0.0006527486942142434
10001109,0.00043472623994162015
10001245,0.00016221307698873028
10001247,0.0007377881226658249
10001262,0.0014934313332386913
10001275,5.243276063987828e-05
10001276,0.00029528365777802814
10001281,5.510232975561439e-05
10001294,0.0004009315673289183
10001296,0.0016093774314398922
10001308,0.0007927874999999999
10001312,0.00042547211273501
10001339,0.00106321998719356
10001341,0.011779617834394903
10001344,0.0004031469168466258
10001364,0.0018407778110829788
10001380,0.005454737825759793
10001388,0.0007873590383719487
10001435,0.004881641328173226
10001443,0.0015463653782913482
10001449,0.000477698121578026
10001463,0.0031230866411280467
10001470,0.0019776551363217443
10001481,0.00850351307209615
10001520,0.0017151823689099774
10001523,0.0009757344946051004
10001569,0.0007983854249011857
10001570,0.0
10001571,0.0007454950186079841
10001575,0.000902732542953794
10001577,0.0012489508959529748
10001584,0.004998076097143662
10001590,0.006291456188227523
10001591,0.004908186722377584
10001622,0.0
10001639,0.03234174461040217
10001643,0.0029444500383767514
10001655,0.000605701923076923
10001659,0.0007957569242443406
10001703,0.0003705751903886386
10001709,0.0015406763940893804
10001711,0.0014735473769990546
10001712,0.001503260911541915
10001725,0.0005082118806666416
10001730,0.0007664795363998551
10001731,0.0016653138461538463
10001744,0.0004417009965388684
10001755,0.0018370049105154943
10001758,0.00030772414939032183
10001800,0.002325043038415347
10001902,0.0015700168826591635
10001906,0.0019508901580015522
10001912,0.1868464
10001918,0.0068406111111111115
10001922,0.001671028882441689
10001939,0.007158713163330657
10001953,0.0008415579382003508
10001972,0.0002907462922462482
10001986,0.0003970977368971072
10001995,0.00041862078829234077
10002088,0.00026773299929927323
10002089,0.03383090635833517
10002097,0.0006810939090096171
10002117,0.0003691000965622205
10002128,0.000425050825865609
10002131,0.0011675982224582518
10002141,0.003689335663697237
10002153,0.0008431954758639374
10002160,0.00042921520574444437
10002170,0.0010230777853030676
10002172,0.0010495203926569384
10002173,0.0010232644941391914
10002174,0.0006875590817341689
10002177,0.0009146036446507719
10002178,0.0007810050916027011
10002183,0.0018496326594771766
10002184,0.0003296514874007373
10002196,0.007780153844659628
10002207,0.005409979970052245
10002209,0.0007181053433595956
10002210,0.0005390586090730112
10002211,0.0019695622394601303
10002237,0.0014446307503349712
10002243,0.002126129233326408
10002244,0.0005907920409826628
10002247,0.0006152575042406341
10002256,0.0016730948295689775
10002258,0.001491840471517598
10002282,0.0029600533343045105
10002373,3.47911828844227e-05
10002402,0.0046046590828924166
10002682,0.0016675926854649633
10002736,0.0
10002795,0.0004906388714074155
10002815,0.0020250453619700052
10002820,0.0004968717799325815
10002864,0.007933292178223745
10002923,0.0001729040153553015
10002938,0.0005619242591914399
10002939,0.0084904661621297
10002994,0.0059528267169777745
10003100,0.007410592636258406
10003110,0.0030276980668557892
10003241,0.004047769722222221
10003308,0.0003423744892282731
10003313,0.0022463653218002403
10003320,0.0004629922775772932
10003330,0.003904537396632427
10003331,0.00025312848957138547
10003340,0.0009768270783720577
10003346,0.04992218274111675
10003370,0.001459560965757461
10003459,0.0007401558978477443
10003553,0.001684391739825107
10003635,0.0006806113502557669
10003685,0.004859335162807001
10003688,-2.524728003063669e-05
10003689,0.0004528502949729668
10003712,0.0010608830706214571
10003756,0.0014681952906194305
10003796,0.021964976322745713
10003826,0.008035770776566758
10003860,0.013968360264737785
10003862,0.0016374574200812275
10003895,0.0005351159897645422
10003896,0.0006305151323904466
10003901,0.0007090176698197532
10003903,0.0006368668209083366
10004057,0.0002525446944517945
10004196,0.057486163934426224
10004337,2.8389999999999998e-05
10004472,0.00027649104598367387
10004512,0.0011078418171737467
10004573,-3.595881889673907e-06
10004578,0.0019558420491234095
10004663,5.007628879366316e-05
10004665,0.0009415320855614971
10004728,0.0009062831579509641
10004729,0.0009307434889297865
10004776,0.0031315404330534685
10004777,0.0007180705464198141
10004837,0.0
10005214,0.0005060298549163561
10005418,0.0
10005489,0.016285051863784848
10005510,0.0
10005594,0.013902683577469759
10005619,0.0020126734333627536
10005689,0.0012266042517974447
10005872,0.0017432331730769233
10006003,0.0018597417404583331
10006071,0.0021360601986471985
10006244,0.0029193487703191505
10006268,0.00013572663938136813
10006314,0.001698188149733206
10006350,0.0034788585548411856
10006351,0.0013254069897357232
10006356,0.0006872159850706667
10006386,0.0009049266250794804
10006396,0.003571821975577954
10006433,0.0
10006507,0.0002417717103443743
10006561,0.0006901696824495188
10006697,0.0006744658312138299
10006728,0.004150741124859928
10006855,2.623585313174946e-05
10006961,0.0008573034276928643
10006967,0.00024626749117267924
10007003,0.004104457051140138
10007045,0.0002467211880456372
10007142,0.0021964837862004784
10007191,8.758848576311963e-05
10007227,0.0013080727556006703
10007287,0.004817569519682195
10007932,0.00110492882946029
10007968,0.0015513313902786065
10007979,0.0014741322962877653
10007980,0.0
10007982,3.875821882868335e-05
10008019,1.7438420836525948e-05
10008026,0.0029157108455641176
10008111,0.0009905689499367432
10008122,0.04987856666666666
10008220,3.2814477940831735e-05
10008284,0.0010143534554553856
10008372,0.0001365391399845547
10008425,0.0003931591561464533
10008775,0.0011912440458162394
10008995,0.0019068177696138118
10009397,0.0009580358482326048
10009490,0.0013277086481293973
10009700,0.0004968136508667768
10009946,0.0009799015223459669
10009994,0.0021609831570383736
10010138,0.0007773976968544801
10010189,0.0010387389380530974
10010278,0.0006784830169185071
10010311,0.0
10010547,0.0
10010562,0.0
10010680,0.001217478233216421
10010953,0.0004622765723270441
10010978,0.0
10010979,0.0008555519538151898
10011211,0.0016244010603129145
10011214,0.0006539692589805468
10011329,0.0009280131687631276
10011566,0.0011092247005369683
10011844,0.0020209455374606464
10011884,0.0
10011930,0.0013542327167247652
10011993,0.008520867294630271
10012005,0.012741777509068925
10012221,0.0004811983638049815
10012293,0.0005197749733441378
10012336,0.015579060848099095
10012385,0.0013834532299647217
10012422,0.010427774637937122
10012569,0.0037267001272556256
10012587,0.001260697228050775
10012699,0.0008464189869875473
10012746,0.0012844883079112608
10012766,0.0013434856180748924
10012792,0.0006649771321683497
10012870,0.0007575784745994796
10013228,0.0027818547724088425
10013360,0.020533477545454547
10013481,0.002059843813131313
10013914,0.00043306333333333334
10013950,0.0018768165333639768
10013987,0.006647120158327502
10014333,0.0008793326953292387
10014597,0.0
10014758,0.0019976373693473648
10014827,0.0013167955180958444
10014969,0.0033908273809523815
10015098,0.009428076680881465
10015136,0.0012999324373979642
10015141,-0.00012826502095947834
10015241,0.012248291119523951
10015287,0.029130767985442722
10015430,0.007244427764602332
10015436,0.009914735538205573
10015455,0.003788901988927619
10015456,0.003722874975006427
10015469,0.0010007809546250528
10015508,0.0032081527701590786
10015544,0.0010731119479469942
10015592,0.0012343017938917212
10015691,0.0024266008553995044
10015715,0.0010266674846808256
10015781,0.012069517666620481
10015911,0.0014021179018612522
10016035,0.0013399270214318696
10016057,0.0011414160751850116
10016154,0.0012627554444444445
10016333,0.0018463205313780928
10016407,0.040468051948051934
10016431,0.00027636369020901766
10016528,0.0009352095292743342
10016618,0.009008030434363865
10016630,0.002050411358868775
10016649,0.0011226606180827394
10016667,0.0016241224949431845
10016723,0.000820389898989899
10016737,0.00013225036130435437
10016786,0.0012994787006856243
10016851,0.0006471888677759015
10016965,0.0012346579242113124
10017043,0.04227576787093842
10017236,0.0007242677863537024
10017275,0.0006798595512082854
10017329,0.0
10017366,0.012567118533071384
10017415,0.010293423476034319
10017437,0.00044178658536585356
10017458,0.001088258816790718
10017495,-0.0003666607142857143
10017526,0.005781693239108889
10017545,0.0011919357142857142
10017619,0.0024107918443951543
10017634,0.00038710321780845896
10017668,0.00042480005815336507
10017727,-8.459736011102118e-05
10017769,0.0008666647723159344
10017770,0.0006171792150580696
10017778,0.011794466686644692
10017794,0.0012167640581555491
10017830,0.0008328898183693348
10017848,0.0
10017850,0.0023692007830943746
10017860,0.0
10017904,0.0009637925342130797
10017924,0.000745338135878509
10017925,0.0009825153100674862
10017927,0.0011420675899256364
10017937,0.0010841789370767611
10017954,0.0009027068916132706
10017955,0.0009185537092952615
10017956,0.0014324304366438356
10018039,0.0011980318029115341
10018070,0.0033754278766867695
10018113,0.0
10018235,0.009544907382550337
10018432,5.876786970797143e-05
10018629,0.0005360677204303776
10018770,0.01386435529688673
10018799,0.0011007731182795702
10018823,0.025537560534641963
10018887,0.008595903543596529
10018920,0.003942358293230485
10018932,0.002445736097756734
10019023,0.0
10019086,0.008768708848500933
10019270,0.002290554312005153
10019320,0.0012850306004138761
10019348,0.015209823642813433
10019410,0.004252276224090015
10019448,0.0015892604450825558
10019451,0.001907312396840368
10019490,0.0010407727307864087
10019540,0.0009575722094536256
10019699,0.0015435566609107237
10019782,0.0003141567236710172
10019844,0.0
10019947,0.022277786589762077
10020052,0.026941450281411643
10020074,0.04048350122850122
10020097,0.03568630265139241
10020098,0.009652135087113805
10020100,0.013147588047682597
10020101,0.027712229182757373
10020103,0.019906758577171075
10020108,0.02205658655765644
10020175,0.020515117157974303
10020204,0.015343013698630137
10020273,0.013257834375
10020317,0.023476051901356158
10020342,0.013997713450292397
10020431,0.051119335978366
10020445,0.02777606782914733
10020486,0.016881935042735045
10020539,0.01938308910891089
10020557,0.004163346927162366
10020648,0.013603466415997266
10020780,0.029755102363033532
10020881,0.016828991728054653
10020903,0.037174219396458756
10020917,0.03430170280725414
10020920,0.01904174079321807
10020938,0.04149175264207842
10020940,0.010958290293855743
10022257,0.009515513630214911
10022275,0.0028013970837572058
10022300,0.0054931715442452286
10022315,0.007733849181426119
10022460,0.004006699488733195
10022470,0.006150016297852306
10022552,0.011607081302610733
10023040,0.09482275479599345
10023143,0.06686305751590174
10023190,0.0048191497027562594
10023245,0.004545727272727272
10023290,0.00432340635972504
10023300,0.07714570561777935
10023403,0.08106941365940949
10023539,0.003941352727272727
10023644,0.004550049079754602
10023648,0.03140484819277109
10023667,0.048325344844310794
10023698,0.002739021040462428
10023724,0.026558902857142856
10023743,0.01249048101851852
10023914,0.00010967454475009686
10023917,0.00911932820247736
10023921,0.022694391377307343
10023956,0.0225279358974359
10024009,0.0
10024036,0.0949958983686067
10024051,0.021061134883720925
10024071,0.0
10024095,0.0034049135802469137
10024241,0.017468572815533982
10025098,0.008602357142857142
10025131,0.04957267930137496
10025195,0.009448536784891453
10025283,0.008661844444444443
10025286,0.012387963327073901
10025290,0.010140899109911797
10025294,0.014137691513788993
10025298,0.005978772030541362
10025306,0.005830274495958845
10025325,0.020123124604888302
10025348,0.006438767463708823
10025358,0.005530357485157102
10025481,0.005549841904761903
10025484,0.0024277037037037036
10025497,0.00404246207195492
10025562,0.005224427239478249
10025568,0.013906172299618914
10025575,0.020175390516373397
10025620,0.009581396514409387
10025650,0.011920778333333333
10025655,0.0
10025659,0.01217333950134602
10025677,0.0017461037593984965
10025728,0.0035889069444444447
10025738,0.0005411954999999999
10025781,0.006935019178082192
10025800,0.0015040639567406302
10025948,0.003636315622521808
10025951,0.018074778130222725
10025983,-0.0003640405938733321
10025995,0.011063436850103983
10026039,0.0056826588094286866
10026098,0.01047240728100114
10026112,0.014839444705882353
10026118,0.005701557593311662
10026158,0.020643865217922112
10026171,0.004532363120567376
10026221,0.0073045241790080815
10026257,0.006156701580918669
10026285,0.010154560970289252
10026381,0.016792270807791856
10026442,0.0012996914532551682
10026570,0.014461541463414633
10026682,0.003748
10026692,0.0064294888805325485
10026693,0.006871140704494332
10026698,0.005838453318573015
10026720,0.0076982579260353986
10026751,0.0070144540618465815
10026775,0.006781923879718982
10027029,0.005525411960034391
10027055,0.004716669494650586
10027127,0.011585098813277808
10027128,0.007536530183727033
10027132,0.007704101503380081
10027135,0.0007676068541036694
10027211,0.002411005279233637
10027212,0.0024762348968105064
10027213,0.002617334728033473
10027214,0.007578600000000001
10027215,0.0015442634068136272
10027238,0.001063357565686987
10027401,0.013024708288574743
10027438,0.003615823060065828
10027465,0.0009069207137393572
10027562,0.004821444444444443
10027616,0.10463315479021977
10027723,0.10521649352377035
10028021,0.004138703983150141
10028039,0.0
10028042,0.004855798575214752
10028178,0.0022386143589743592
10028211,0.006364921082537143
10033102,0.010299253611416793
10033314,0.0
10035085,0.015214965243239382
10035143,-0.0035259230769230767
10035202,0.0
10035222,-0.00425602
10035275,0.011779833324892335
10040997,9.224597121417147e-05
10047699,0.00879421332396675
10047708,0.0014018042867351907
10047761,0.0
10048003,0.001200260939644094
10048126,-0.054155
10049482,0.0010276577448591693
10049606,0.0
10055820,0.003558868339132027
10058137,0.001099466904478795
10060177,0.0010095340404157247
10060178,0.0014342604742378319
10060180,0.0013831655863645318
10060496,0.000807081159284977
10060650,0.00045072177526105724
10060690,0.0013247652326220584
10060693,0.001980224668635265
10060744,0.001207182866137127
10060860,0.0014927433168694943
10060991,0.00922038767400549
10061054,0.0016057606961779908
10061083,0.00044192481422859384
10061313,0.0015324144616461217
10061329,0.01563052464144853
10061404,0.001372657700386205
10061422,0.0017254098449235424
10061431,0.001661640984506269
10061482,0.0016999589899935584
10061584,0.002067590711175617
10061673,0.0009286706756925122
10061683,0.0009025034515344634
10061847,0.0009356625297661621
10061950,0.0008918951673326672
10061977,0.008724918183913345
10062228,0.0
10062297,0.0027937629743291273
10062409,0.00010386324781698138
10062536,0.00031836609812397243
10062574,0.0034455835361724718
10062585,0.002031541345898593
10062735,0.0009766224572639295
10062806,0.007717973217853046
10062936,0.0
10062942,0.0
10063057,0.003247621191419593
10063144,0.0028635662500787165
10063223,0.004144540972065944
10063366,0.0013807005036857553
10063379,0.0007285269181300365
10063557,0.1206901577612177
10063593,0.0009669873996294009
10063597,0.0
10063659,0.0021426870186487834
10063677,0.0007738179189948017
10063686,7.671998743659695e-05
10063694,0.00205721027027027
10063713,0.00039753120418848173
10063725,0.0017495463713572536
10063739,0.0
10063782,0.0021868531398107995
10063800,0.0003112172154823593
10063805,0.0005377727969048218
10063901,0.0012407109878055315
10063906,0.0021428823405154206
10064002,0.0009861117648014269
10064061,0.0
10064088,0.0033153463095213424
10064202,0.001396826637150222
10064206,0.0007087961020800559
10064207,0.0008507542463542503
10064208,0.0007758799609817583
10064235,0.0010054403440045328
10064254,0.0008813099925276253
10064285,0.0032944712339685526
10064330,0.0011891101820361513
10064402,0.001289593947323511
10064421,0.001874769960474308
10064482,0.0009221059225988436
10064487,0.0029936395980345665
10064522,0.004894417854813158
10064541,0.0005735701688247828
10064551,0.0013052445672424948
10064598,0.00020368578896711858
10064606,0.00046650390289831476
10064632,0.0004707826740801226
10064657,0.0016593487941089255
10064667,0.030344645750262328
10064778,0.009181009194847755
10064793,0.001610873381901379
10064808,0.0
10064839,0.004056164192630358
10064906,0.0018842458975597616
10064907,-0.0007284671232876713
10065018,0.0012415157077278552
10065233,0.0008006077698764363
10065272,0.0009233210951551659
10065760,0.0014886710728601843
10065903,0.004388511943778658
10065907,0.0
10065975,0.0013375098471468414
10065978,0.001241316312908466
10066023,0.0016996310718739637
10066035,0.0018407885989732804
10066090,0.0015783981967227867
10066095,0.0007087997291807718
10066203,0.0
10066216,0.0012967647267236818
10066293,0.001992606826890505
10066330,0.0
10066393,0.0005983733300121939
10066433,0.0010012909879644194
10066439,0.0
10066611,0.0
10066679,0.0006957284231184895
10066790,0.006965079943339718
10066837,0.008844564705882354
10067010,0.004125944360740422
10067266,0.0
10067290,0.002075663953782576
10067321,0.007617674179748179
10067357,0.013227501177248507
10067363,0.004370918118045628
10067475,6.361769814224468e-05
10067660,0.0009339386071948368
10067987,0.021575790178571422
10067988,0.004436484274886364
10068009,0.00045503480552342205
10068024,0.0024741345527016707
10068067,0.0006487000000000001
10068251,0.0009688785710220029
10068269,1.0527541139742844e-05
10068315,0.0012935707750625948
10068493,0.0030720035031683067
10068498,0.006522115097250736
10068514,0.003255158244592897
10068659,0.0009371203513575176
10068731,0.0002679181532838958
10068815,0.001287454855680364
10068960,0.002398359075060694
10069001,0.00016715270893864295
10069155,0.004047404887240826
10069231,0.0010118992659927562
10069490,0.002502630830144148
10069515,0.0007955650513363603
10069633,0.0016443427875403264
10069644,0.0018596569065520948
10069726,0.0
10069741,0.014037724177349557
10069924,0.0009557421911802576
10070011,0.0010083736842105265
10070082,0.001453251416810975
10070501,0.0002904882669786803
10070577,0.0005838758642868628
10070664,0.001165301982029561
10070668,0.002031637552607375
10070749,0.0028812648376804165
10070796,0.0018875854656510327
10070932,0.0009386961587799316
10070961,0.0020493209353499445
10071048,0.0012688499796102914
10071182,0.0033765220023543917
10071235,0.004394067464958756
10071360,0.000355705645927723
10071510,0.002118147247044221
10071545,0.0010170090338862169
10071674,0.0014735235845295055
10071687,0.0014878012611483954
10071731,0.0036996669022076618
10071740,0.011921502106222838
10071819,0.005431049403628461
10071836,0.008762439299830605
10071918,0.0
10071922,0.003074767446559625
10072008,0.020463575920398006
10072053,0.004379265011685469
10072056,0.000437500869129388
10072075,-0.0006259874999999999
10072163,0.007601081505847954
10072164,0.0076471827277514465
10072210,0.000831852615766736
10072287,0.022102659883720933
10072350,0.0
10072354,0.0014454089979550103
10072362,0.008450879516933331
10072374,0.0020683668313066384
10072378,0.0017706407558030408
10072390,8.270145943258341e-05
10072468,0.0018892180878427895
10072501,0.0016349220849934747
10072547,0.0037943476606811834
10072733,0.0
10072752,0.0008011216993081945
10072799,0.0006151295934545081
10072844,0.0006889697689360042
10072851,0.0
10072866,0.0013503514747459362
10073038,0.0020395974791694864
10073129,0.00011392611311810533
10073208,0.0015632013114165993
10073224,0.005682190796496296
10073298,0.0
10073316,0.0
10073387,0.0015237002310096478
10073563,0.0008616594875134236
10073572,0.01160157228202158
10073573,0.0018878108179652344
10073594,0.0008738128234754462
10073606,0.0011797245258659498
10073662,0.0005924997860504921
10073709,0.0009467299102897047
10073852,0.0053445294706804085
10073920,0.0022441423388316344
10074143,0.000427370015998031
10074217,0.00027356824139509247
10074299,0.0006803304563786029
10074454,0.0004679957167232002
10074572,0.0009842994652406417
10074716,0.0024165370475075585
10074762,0.0
10074884,0.0024057719954648526
10075141,0.002881757446692331
10075303,0.0036004171539961013
10075331,0.0015228737594006553
10075343,0.00163478
10075394,1.4626472978915247e-05
10075511,0.0030382676237457685
10075658,0.0005569808434813953
10075869,0.007300172162594707
10075916,0.005612720599480043
10076070,0.0005832604463546933
10076072,0.0004554329751131222
10076196,0.0042060761349383465
10076235,0.0002754258655718633
10076275,0.001610658402578595
10076417,0.0028051870870818103
10076484,0.00037331974394733624
10076850,0.0005383156869688385
10076964,0.001877241526024677
10077024,0.0019224772063988645
10077184,0.0014197230577264732
10077202,0.007769911954365079
10077205,0.001712661365489922
10077239,0.0006956666666666667
10077278,0.0004457760146190484
10077348,0.004558523756053057
10077426,0.0012816890035192597
10077490,0.001730872075272697
10077514,0.0009177395302477372
10077801,0.0062611055768241695
10077955,0.000947604285326824
10078236,0.005257447760060744
10078279,0.010119679662032869
10078308,0.0058430411255411254
10078334,0.0022315241870386154
10078634,0.0010971212116947938
10079216,0.00147207
10079231,0.0
10079411,0.0010101287207452852
10079726,0.0007834504150932523
10079792,0.006422310245155764
10079828,0.0015524857777372153
10079859,0.0028219754817275754
10079931,0.002052407790134392
10080123,0.0
10080276,0.000583609219734048
10080336,0.0011641036577648399
10080702,0.0014584383225309766
10080775,0.0011634514521793018
10081062,0.0027503844295197325
10081266,0.0009647210861357012
10081315,0.0009265838109285011
10081316,0.0009432193575210309
10081352,0.0
10081541,0.001470278873477696
10081542,0.001496318790350426
10081624,0.0019245014483424523
10081708,0.0029202328793927665
10081833,0.0018413123181863775
10081835,0.0017827331063401649
10082136,0.0007474355319118418
10082187,0.0006315334527671524
10082235,0.008819140617722595
10082372,0.0008896242732229085
10082444,0.0014767640841608495
10082467,0.0
10082532,0.001895144828386562
10082536,0.0
10082596,0.0337123495215097
10082780,0.06725567921780737
10082815,0.0007056158851113716
10082858,0.0013350643480328113
10082913,0.0007218541271250056
10082972,0.00041041581932997975
10083122,0.0013104774824869998
10083683,0.005585857595331322
10083684,0.000680033071323258
10083688,0.001204984905862497
10083708,0.0004738812048014423
10083799,0.002037740390977444
10083829,0.002995645417783634
10083872,0.0010142005244122968
10083935,0.009266889319135203
10083973,0.0006602834998501603
10084121,0.0004403339739027283
10084321,0.0
10084332,3.1482679700888436e-05
10084364,0.0011750468950445516
10084393,0.0008845293007748813
10084555,0.0016506989270138961
10084593,0.006835835069734901
10084596,0.02028981229199024
10084597,0.0004434098515379613
10084624,0.0026053670157229515
10085070,0.0017951278472890602
10085089,0.002124415731228432
10085415,0.0019340490853818333
10085539,0.003624017808773623
10085548,0.0019141048799271865
10085653,0.0011174718806712825
10085701,0.0007199658230122265
10085708,0.0
10085796,0.0025144031270711233
10085842,0.003140506046450916
10086130,0.003985702474408838
10086190,0.0010656416116070857
10086324,0.0012821730051792194
10086660,0.00232107754916916
10086722,0.0017275273754514037
10086821,0.014934219261664192
10086915,0.004355395159659333
10086960,0.0024834314999167702
10086961,0.00902283661234119
10087059,0.00112883865158596
10087071,0.0004961089350861292
10087140,0.0014079014579920297
10087151,0.001394008208856144
10087184,0.0005940759643916914
10087187,0.0010474470887634542
10087394,0.0019473552091435968
10087509,0.0008114690677506121
10087667,0.010086096870237317
10087855,0.007864041465645302
10087856,0.0
10087992,0.0008698258376996377
10087997,0.0032211813082809126
10088021,0.002191049698139877
10088092,0.0005248835161425227
10088134,0.0059167656340091326
10088210,0.0018170718214308643
10088256,0.0
10088363,0.009425185047316523
10088477,0.0011270096959417454
10088500,0.00124395212444514
10088735,0.009564493826757782
10088926,0.0014422305120662567
10088927,0.0015278493751001247
10088931,0.0
10088986,0.0005214026356474209
10089008,0.0015105783198917997
10089368,0.012434246772018313
10089389,8.615454306100571e-05
10089392,0.0008265941491217742
10089403,0.0
10089438,0.0023797869103963218
10089444,0.002251128475617835
10089481,0.0002672930679267948
10089545,0.0038073578296796175
10089601,0.0013841900741128797
10089748,0.0034798920995521513
10089831,0.0023135740411746263
10089832,0.00218228733180241
10089951,0.0035276525994803313
10095046,0.0008648179794520549
10095240,0.0007007264152667851
10095384,0.0012395210662562808
10095618,0.010750456417719075
10095682,0.0013018361414542797
10095735,0.0003626716417910448
10095736,0.0005191872243186279
10095803,0.0008998648936170213
10095837,0.001916736289214791
10095844,0.0015746708245363383
10095852,0.0013870257292181378
10095878,0.001267386397185811
10095915,0.0040325072135726165
10095994,0.0012301524547642891
10096123,0.0012185461531860973
10096247,0.001063683681707779
10096275,0.0015649315053258188
10096281,0.005087102180022948
10096282,0.0
10096297,0.0017286443754203694
10096334,0.001137075195081391
10096426,0.002015916894066282
10096457,0.0009916643823099417
10096602,0.0
10096716,0.0014957616410525415
10096728,0.0005452978568456096
10096850,0.000683381968832309
10096860,-0.0002096733870967742
10097089,0.0
10097098,0.0016836901950259436
10097316,0.002125833847469534
10097432,0.0
10097475,0.0017688916748735265
10097565,-1.6875e-05
10097600,0.0012339644027453984
10097740,0.0013824172994262559
10097803,0.00038661900357862605
10097808,0.0014772039880393897
10097919,0.0010752289903492968
10102310,0.007917167317405166
10123558,0.007395614449696151
10123885,0.003754898818695429
10124196,0.021620133940530403
10141654,0.01087681396508728
10142212,0.020316873889875665
10175465,0.004435546473511041
10175466,0.007302931998136936
10175467,0.004702445895138512
10189345,0.005889524110671936
10189346,0.004511352431038406
10193317,0.007229861566776028
10193336,0.010329171597633137
10193370,0.0023083910296834726
10193372,0.003163247288205409
10193373,0.002890621987203833
10200358,0.0006453162974018979
10200423,0.0026122566712847403
10200486,0.005200884259259258
10200732,0.0
10200837,0.0009361454536162376
10200990,0.0012289364750369572
10201074,0.0004935722535774208
10201117,0.000659945806910022
10201120,0.0004864490957938994
10201152,0.0014889529807328387
10201153,0.0009928605655372762
10201154,0.0014223699972509699
10201176,0.004966222262756621
10201216,0.0005738472727272727
10201341,0.003994195619335348
10201342,0.00433595990438119
10201370,5.318712541620422e-06
10201549,0.024417125249833447
10201554,0.00014274397519391534
10201630,0.0012317424228094399
10201631,0.000462564578470731
10201669,8.441215814993736e-05
10201712,0.0025905445454124103
10201720,0.004494496694445147
10201765,0.0017777746846949207
10201798,0.0010246104975855552
10201908,0.001148940280849209
10201941,0.014686395599008688
10201993,0.0017580421562885518
10202061,0.0003851668173457618
10202135,0.00102009384449504
10202137,0.0
10202138,0.0
10202166,0.0
10202171,0.0
10202334,0.0023144467144128648
10202469,8.874999999999999e-07
10202507,0.02001459590580996
10202508,0.02738328703703704
10202509,0.033579732996951536
10202510,0.023955754926769424
10202511,0.0376659620596206
10202512,0.03805856873822975
10202513,0.033993057661847466
10202515,0.03230457818930041
10202574,0.031202777777777774
10202575,0.0
10202576,0.0
10202584,0.003018550189086018
10202681,0.0
10202682,0.0
10202683,0.0
10202684,0.0
10202685,0.0
10202686,0.027242592592592593
10202704,0.0015126440429062715
10202705,0.0014920138007820931
10202790,0.04089119897959184
10202792,0.03406927910052911
10202793,0.0
10202794,0.043076666666666666
10202795,0.018862599206349206
10202851,0.0
10202852,0.0
10202854,0.02957551282051282
10202855,0.0259460101010101
10202856,0.0
10202858,0.03078871527777778
10202861,0.0
10202864,0.0
10202865,0.0651175505050505
10202866,0.08030763694366634
10202867,0.06001325757575758
10202948,0.0017051273690973337
10203138,0.006674317640164095
10203212,0.0015276588131811334
10203254,0.0
10203255,0.041421650326797385
10203256,0.0
10203257,0.0
10203258,0.031826300236406625
10203259,0.0032602272727272727
10203260,0.0037114814814814814
10203311,0.0012638667738440568
10203412,2.5729611041405266e-05
10203517,0.0011874492237667511
10203579,0.0003132107355864811
10204069,0.0008090690012121805
10204126,0.006208120673147738
10204129,0.0010149875412649313
10204204,0.0037797935283515488
10204285,0.0011955636363636364
10204410,0.0011789872757847534
10204538,0.0
10204609,0.0174272452717722
10204620,0.0056955073682128385
10204665,0.009804516429031018
10204666,0.0
10204716,0.0034465217806549904
10204724,0.032206504217225665
10204737,0.0004185028051156876
10204766,0.0008296635397830018
10204826,0.0
10204878,0.0004222623647707997
10204933,0.0007099445988802318
10205104,0.01880133128252752
10205137,0.00034392808176492585
10205163,0.0005840038324784887
10205210,-0.0018814111111111111
10205211,0.0007252588851378294
10205248,0.00020131903485254694
10205284,0.0008308049469166477
10205376,-0.0006181365079365079
10205382,0.0003834675321424944
10205395,0.0006510857184286256
10205499,0.0012135129431951298
10205504,0.0012016502739432657
10205509,0.0016184312658101324
10205568,0.007283014014581419
10205582,0.0013557473116071062
10205585,0.0004244879404727198
10205657,0.002149482674176564
10205680,-3.0741232308857185e-05
10205695,0.0
10205736,0.007290118918918918
10205781,0.03879317618447149
10205834,0.0
10205941,0.0009935410915537545
10205953,0.0002603617395883747
10206065,0.006500981997187061
10206138,0.0006289086867078107
10206309,0.0039745395409038235
10206312,0.0013201167938351425
10206323,0.0
10206475,0.039932700163398685
10206520,0.007195869777371151
10206570,0.0012777178838761889
10206641,0.0014924834742143245
10206673,0.0009489989924179878
10206697,0.0007857007622417827
10206830,0.012942870999552733
10206862,0.0009949918588873811
10206947,0.005444079804048821
10206957,0.0006810974025974025
10206982,0.0005869576870772243
10207056,0.044119437831244945
10207069,0.0015385804628275034
10207115,0.0015988327206223315
10207142,0.0013866500000000001
10207201,0.0014251195671317587
10207205,0.000587118400621118
10207217,0.0006306969577386861
10207272,0.0
10207384,0.0008579134363159429
10207412,0.0007339735496804819
10207413,0.020993630573248406
10207414,0.024528385260773066
10207415,0.020050906266359032
10207525,0.0008965738904113359
10207671,0.001054098682549096
10207838,0.0
10207868,0.0010416944489359474
10207870,0.0
10207900,0.0
10207934,0.004874405456685159
10207964,0.0004516846746702312
10208034,0.0012719791843814835
10208133,0.004149879215060501
10208154,0.0
10208173,0.0
10208174,0.0
10208259,0.00047721083530338846
10208278,0.0019328077544426491
10208298,0.005833925191013799
10208326,0.0015455831476428657
10208359,0.0007570760898328728
10208401,0.0010356795545243618
10208445,0.0
10208462,0.001667225783851669
10208495,0.0
10208498,0.0
10208633,0.0017245975213572371
10208660,0.0
10208720,0.0016505607748571512
10208761,0.0
10208776,0.002869586547653116
10208914,0.0014839662616354598
10208979,0.0035820263999999996
10209005,0.0017765608959070492
10209067,0.005049440621415911
10209091,0.0013828932418306595
10209269,0.008345894592163238
10209365,0.05228809344338888
10209464,0.11604383161512029
10209547,0.0
10209602,0.0533750614457072
10209605,0.003711983048948468
10209609,0.0
10209649,0.0
10209676,0.0003289936357415291
10209801,0.007323213361097088
10209817,0.013383482004088215
10209891,0.0
10209893,0.0
10209908,0.00046009230069430854
10209934,0.0006543266237715533
10209942,0.030695629370629373
10210141,0.0007511791782621123
10210208,0.002508264791120216
10210209,0.002380038887674448
10210238,0.0
10210240,0.0011365133269795379
10210252,0.02668588777777777
10210389,0.003099913472290968
10210407,0.0015520485108355543
10210495,0.011288548790966
10210560,0.0
10210649,0.0022602094292803973
10210827,0.0008818276253300406
10210909,0.29554693983124924
10210929,0.001202354606773954
10210963,0.0
10210987,0.0007294984834653307
10210988,0.0009700178624590652
10210989,0.0011827486934960407
10210990,0.0007631511010004302
10211087,0.003915162526918396
10211142,0.0008386423767199386
10211150,0.001156387126538779
10211232,0.001533664671222599
10211274,0.001253657777463394
10211276,0.001333612582781457
10211279,0.0006691596810468206
10211305,0.0006205200493122243
10211337,0.0001998701779267664
10211368,0.0016053829261936776
10211386,0.00039287907323412054
10211397,0.0004130220282446075
10211407,0.1450693990546928
10211469,0.004944220090671424
10211495,0.0
10211496,0.0007791202974500102
10211620,0.0022304904542651835
10211696,0.0003472513942450312
10211856,0.01501878287738888
10212134,0.03665619910196036
10212140,0.0009362543320381232
10212167,0.0
10212187,0.0009153349688820918
10212439,0.0
10212464,0.0
10212535,0.0006455730174081238
10212669,0.002227167373864205
10212829,-0.00018158750000000002
10212831,0.005778685063959337
10212870,0.027004065
10212873,0.004505752176217508
10212942,0.015153790045766589
10213097,0.0008721796694054774
10213413,0.001373485349412075
10213571,0.0049782053751837715
10213750,0.018609137520658847
10213828,0.0
10213952,0.005455015969898392
10214007,0.0024683947429305518
10214019,0.000330626504106219
10214072,0.9279637806016227
10214085,0.0009540125820869296
10214122,0.001272329885378809
10214286,0.012735257257180171
10215690,0.008708882552129746
10218314,0.0005652656407255705
10218506,0.0
10218684,0.01669374662601626
10218798,0.011407824251726786
10219338,0.00649766719586212
10219786,0.0013184948275862072
10219932,0.0
10220499,0.0010520466989338009
10220652,0.0005754006540018686
10220819,0.03995870225694445
10220939,0.0462937919912502
10228315,0.0009364121076854698
10230908,0.00013038405885700186
10231237,0.011181602667102004
10232884,0.0017650480187329383
10233068,0.002329797057071465
10233231,0.024530170212765958
10233232,0.03979727819942424
10233789,0.002708795412034586
10233815,0.0019610146917565263
10233851,0.0006972360070107358
10233864,0.0
10233971,0.0011393871453300214
10234062,0.0008183832762452602
10234172,0.020673293682795697
10234194,-0.026902539335664333
10234216,0.00045391499999999994
10234225,0.02793463174614309
10234226,0.02591739333229683
10234275,0.04680555170753677
10234277,0.06623930138099107
10234281,0.00042024068965517244
10234302,0.015620556049517814
10234339,0.0013373626990396208
10234497,0.0011186791666666668
10234571,0.0
10234631,0.002417129384518023
10234947,0.0009503842161960872
10234986,0.0
10235231,0.0012643233793233797
10235233,0.0020729676081195
10235265,0.0
10235277,0.0011823572454563072
10235299,0.0016545052852109323
10235434,0.0014742646657074257
10235864,0.0007437625870141221
10236625,0.009205062944718118
10237302,0.0013700064159292036
10237353,8.54264735154263e-05
10237415,0.021546766917293233
10237487,0.0007734836051663081
10237540,0.03611183719305751
10237660,0.008449172647257955
10238213,0.0
10239090,0.0010801390443246175
10239240,0.0013715500618046972
10239400,0.001626940357142857
10240164,0.02072030879664116
10240547,0.001366372700882157
10241116,0.05477222222222223
10241175,0.003354661131588419
10241186,0.008664858914981739
10242280,0.0016124433715402474
10242352,0.0017537567910131196
10242411,0.005587486560381799
10242574,0.0019441088761279189
10242618,0.0
10242619,0.0
10242642,0.0017898267003510614
10242647,0.002176014082279408
10242946,0.0663290924369748
10243084,-0.09
10243087,0.001728000626566416
10243745,0.16684840833333334
10244278,0.022545251762724226
10245922,0.0005325803131991052
10247461,0.022373411371863928
10248693,0.0015466751812753283
10248951,0.01054914012367285
10249640,0.001278601676135219
10250027,0.021054137107776268
10250412,0.0
10252506,0.0010723269109751362
10253877,0.0215865672930176
10253878,0.020153973578914852
10253880,0.01669755197078313
10257320,0.0
10261177,0.0011171594700771915
10261993,0.009680962891462893
10262004,0.014381157738614548
10263637,0.0013618361943094643
10264013,0.021471309508450522
10264197,0.010944343996291146
10266204,0.0004664015367556159
10266617,0.001550912549872817
10266619,0.000935823864411272
10266621,0.001032449859367374
10270098,0.0
10277266,0.0
10279822,0.0010682120064161632
10290113,0.0015085752601156069
10290700,0.04107367149758454
10290842,0.037476078694388563
10290843,0.0372110050154321
10291336,0.001230943852167733
10291559,0.007296454785276332
10291717,0.0009779611872407056
10292457,0.0009051404140765278
10292459,0.0009188628952077948
10292461,0.0
10292462,0.0007767593932646814
10292468,-0.0004689110662337994
10292469,0.0004960833333333333
10292471,0.0008693927083333334
10292590,0.021488694475138122
10293575,0.03510513385964912
10293614,0.0011468997493734336
10293678,0.0015154492594755989
10293912,0.0
10294024,0.0
10294143,0.003976894023462271
10294668,0.008542975184806751
10294669,0.012565644963144966
10294679,0.0046567116953411935
10294721,0.0030498634146341463
10295408,0.01303488796415798
10296230,0.000948844025121807
10296835,0.04920108219954648
10296896,0.0019748301587205392
10297064,0.005003633827494937
10297343,0.0007085904264772387
10298193,0.0031684296635798416
10298391,0.0007234989690721649
10298709,0.0040452955931372
10298892,0.0
10299108,0.0
10299315,0.0
10301997,0.0008742103444793478
10304443,0.0
10305500,0.0003091845205154557
10313319,0.006596666147374981
10313320,0.0050532629238029
10313500,0.0020123524423963134
10316502,0.0011781683249770336
10319118,-0.0004151464675473865
10319303,0.0005434271153872929
10319342,0.0005248260430424985
10320974,0.0
10323855,0.0004491923590702645
10326785,-0.0008771219999999999
10327354,0.006539946879150066
10400032,0.005398791346090616
10401366,0.0004437804330104923
10402062,0.0
10411501,0.0010422746517535616
10412384,0.0004971880387931035
10412403,0.0002716875
10490746,0.024451547037858918
10500742,0.0
10500845,0.00578704433497537
10502480,0.002615464724624488
10502817,0.009155739473684211
10502834,0.04134158294535653
10502836,0.04483447684391081
10503069,9.53850153627984e-05
10503079,0.0
10504462,0.0
10504699,0.0006050285887944986
10505034,0.00035499999999999996
10505301,0.00044414198709960816
10505776,-0.0002825176287568697
10506605,0.0007167710384959713
10506832,0.012376868877395803
10506855,0.0
10506875,0.00015947417777563053
10506910,0.0
10506916,0.0007862477045286347
10506917,0.0
10508450,0.0005842378825294543
10510314,0.014833042092154422
10510450,0.0
10510479,0.0025996657018009946
10510492,0.08098504155124656
10510655,0.0015242422222222225
10510698,0.0
10511153,0.0007060941607949052
10511194,0.0014187514245014245
10511200,0.0
10511301,0.0
10511687,0.0014475716734572196
10511986,0.005540567816908823
10512102,0.00035631502717066264
10512248,-0.003669616216216216
10512293,0.0
10513082,0.0006741206893676628
10513472,0.017135148372343287
10513514,0.0055909755288949675
10513517,0.004175369147793729
10513669,0.0007528101711749461
10514003,0.0
10514778,0.00013119243904376142
10514800,0.00017940021581044056
10515045,0.0007634979085331846
10515196,0.0006989435993915619
10515356,0.0014638010456408084
10515400,0.0031138777619387032
10515402,0.003965185048341754
10515486,0.0017099775586682743
10515527,0.0009114435508230514
10515541,0.0
10516038,0.0006595975035027385
10516835,0.03710548671402602
10517804,0.0017211218130311614
10518364,0.0014760262185534593
10518812,0.0018324617249519757
10519187,0.0006818508118327403
10519403,0.004339754064176202
10519730,0.0033568595770679887
10519743,0.005194325871250335
10520104,0.0007721482987968733
10520647,0.0006349003111335352
10520769,0.05604664775470787
10520925,0.0012780947696779568
10521300,0.007386535892716276
10529425,0.000539061760437403
10532328,5.8339807128263786e-05
10532423,0.0023805290482599977
10532872,0.012167346065680276
10537599,0.000881121716518071
10537771,0.0009040833333333332
10538689,0.0009812840749016003
10538696,0.0011553723752741024
10538698,0.0009792042771771012
10538701,0.0011796729883949441
10538939,0.0011491913720710432
10539409,0.02139510897648228
10539864,0.0018430364661221673
10540892,0.0011049377707264192
10540910,0.0009162689326263914
10540926,0.0007416071312037787
10541668,0.02262931573241502
10542148,0.01688787248210421
10542317,0.0012104583762218588
10542329,0.034984071050449636
10542819,0.00282974053030303
10542880,0.0009977101761141627
10543585,0.005453527729468599
10543759,0.0003770808777429467
10543927,0.0003346215313421648
10544021,0.0
10544098,0.0001561244536030973
10544104,0.0005115235310723072
10544185,0.0
10544219,0.00031354650308195657
10544271,0.00045541143896472906
10544278,0.0003267407686224412
10544332,0.00019023129174631896
10544362,0.00045004989443811326
10544367,0.00045902989964277067
10544377,0.006010960239241237
10544389,-0.00096313417721519
10544463,0.009312565077796988
10544920,0.006451423314285715
10544997,0.0003183800130338881
10547097,0.00044982013023512127
10552174,0.0008546171508349889
10552205,0.0010400701223244996
10552353,0.0005528651191903115
10552423,0.0012879745152046295
10552645,0.004732567162438029
10553198,0.0
10553862,0.0002343557894904231
10553863,0.00033020360874786955
10553867,9.231241858878949e-05
10553996,0.0016923048256475468
10554266,0.0013805684165232356
10554456,0.0008812997406209738
10554533,7.359821439079957e-05
10554567,0.00012127917229609615
10554661,0.0012069831913581657
10554716,0.003400231821684677
10555021,0.002468675135869565
10555490,0.008093671428571429
10555563,0.0005687254758313089
10555741,0.0011494736532438091
10555748,0.06654179962370649
10555774,0.0037612035162586516
10555976,0.0012751892951254713
10557952,0.0007822428525107377
10558474,0.030820499077409722
10558694,0.000937748094276869
10558801,0.0007074664031620553
10558848,0.0017845220845183478
10558866,8.32748784560914e-05
10558869,0.00010584706311335194
10558874,0.00016294199810947823
10558882,0.000690363944204827
10558998,0.0024572696332114483
10559254,0.015687333333333334
10559303,0.001219722547947928
10559379,0.0
10559395,0.00018441217455243846
10559398,0.0002379324066038569
10559447,0.0
10559448,0.0025525555730726785
10559454,0.00020260544969409486
10559565,0.005471226190476191
10559679,0.03039921875
10559811,0.006872433178811157
10559846,0.0011361200259934437
10559864,0.0011910230606777884
10559869,0.0009883890888174388
10559979,0.00048633310429811597
10560052,0.0008094551748119112
10560062,0.010147855438813556
10560164,0.000746410827366603
10560468,0.0
10560536,0.001011379797979798
10560570,0.0
10560915,0.020419364971068964
10561179,0.002138243846217173
10561249,0.0015258886045718184
10562125,0.0028746818191528
10562142,0.007349796173705196
10563061,0.0002489061343034372
10563068,0.000451434262903374
10563297,9.606515055620885e-05
10563697,0.0
10563710,0.0
10564020,0.05744574601554761
10564227,0.0023961214007858166
10565258,0.00950095058405494
10565607,0.009654647713052404
10566301,-0.00010039236591027674
10566888,0.0008862740210030426
10567149,0.0009804994487120475
10567469,0.030500521923866524
10567612,0.0
10567614,0.0007213806862266158
10567716,0.0010127275371687137
10567915,0.02002299058473736
10567937,0.0
10568006,3.22e-05
10569503,0.00046986996341041247
10569714,0.0005914465956217407
10569888,0.0015089601912368377
10569968,0.0037491055319148936
10569969,0.0
10574542,0.0
10575702,0.000822061435970258
10575704,0.0007694982220137476
10575966,0.009027028118061699
10575967,0.0
10576189,0.02468638518518519
10576571,0.0018361989080042066
10576627,0.0016480102024065532
10577210,0.0009371734873358348
10577275,0.0014907025423379619
10577276,0.0011908673340624211
10577651,0.002509633921568628
10577763,0.0046972228637896934
10577764,0.004108232011894491
10577767,0.003763115737326136
10577770,0.004206305413832199
10578440,0.0047113698504530075
10579350,0.0
10579351,9.915348897663558e-05
10579452,0.0
10579453,0.001749503409550894
10579655,0.009957741837074287
10579947,0.01118574892562666
10580158,0.02019116650246305
10580300,0.0011232175951134036
10580718,0.009976567548877853
10581044,0.0
10581250,0.0010648675905785845
10582039,0.0046217268907563025
10582364,0.0011769394693200664
10582502,0.023454613807245395
10582753,0.0008240332504796792
10582894,0.0003707422574729198
10582937,0.0
10583298,0.0
10583533,0.04236054767501309
10583546,0.0018157720138720862
10583972,0.0009051522852266264
10584024,0.0
10584117,0.0
10584121,0.0004907854806027271
10584168,0.0
10584170,0.0011500477777777777
10584172,0.0
10584257,0.0
10584331,0.0
10584345,0.0
10584347,0.0003622254478333326
10584838,0.0
10584840,0.00938166
10584895,0.0005353625053227926
10584916,0.0007678356238028489
10584918,0.0038600400963088094
10584977,0.001492155603448276
10585243,0.0005375754925346762
10585404,0.0005408416494563756
10585445,0.0005569144196400531
10585451,0.0007425337142954663
10585641,0.0003052459143400088
10585870,0.0
10585877,0.0
10586240,0.0035730946266405847
10586341,0.00043548504481943614
10586345,0.0014493320638436454
10586658,0.001752921726755218
10586867,0.002174964065934066
10587624,7.993034499499392e-05
10588163,0.0031155045017075443
10588306,0.00034685673206208433
10588411,0.0
10588479,0.004147493471997119
10588639,0.0008039048252923935
10588724,0.008198775000000002
10588840,0.0004964667215142489
10588906,0.045266893454629566
10588920,0.0010753120911979068
10589007,0.002399248666666667
10589082,0.006956163059048227
10589091,0.064945664983165
10589373,-0.005025009831460673
10589380,0.0014771439090856381
10589381,0.0010694605329918578
10589394,0.0014386492647058824
10589430,0.002623755869777539
10589479,0.0006790595776160847
10589790,0.001225944389853988
10590685,0.0011593197540353576
10590861,0.01569860546832107
10591809,0.0014881274509803922
10591909,0.001488383736297909
10592791,0.0
10592956,0.000743731019284736
10592961,0.0
10593121,0.013945379999999999
10593283,0.0006208960376808779
10593589,0.0034512548889594247
10593647,0.01055405107611743
10594674,0.0
10594793,0.00015198111406724464
10594890,0.0030678094989561584
10595091,0.0014737823230815167
10595532,0.0017093966784244563
10595617,0.0012859985593627302
10596319,0.0034863197492163013
10596645,0.0011383941155121975
10596825,0.0
10596827,0.0
10596860,0.0006026148361148967
10597088,0.018090619929453263
10597593,0.001212726973495907
10597636,0.02614993078271028
10597735,0.007965237499295338
10597905,0.0004702960645693653
10598122,0.0025353708376274916
10598261,0.013579326864936512
10598414,-0.0022450019357336437
10599005,0.03424984295774648
10599402,0.0
10599454,0.02789940505617977
10602857,0.001198317994452442
10603449,0.0012586568187895016
10603473,0.0006830145735105015
10603622,0.0
10603624,0.0013890901737531871
10603629,0.1569436255105247
10603731,0.0006572156045828343
10603819,-0.022989722222222227
10603894,0.001207405958702065
10604205,0.0038761269606986328
10604227,0.0010267953590718144
10604281,0.014451915455746365
10604391,0.0008402215281650865
10604399,0.0009355517307692308
10604591,0.0007023255062017644
10604706,0.009207768721344881
10604802,0.0
10606472,0.0
10606482,0.0008746114862705587
10606568,0.004969524013024013
10606772,0.0005177962928729249
10606773,0.00098696603345372
10606955,0.001440635534678088
10607264,0.0056149165701730955
10607294,0.017312193466550253
10608382,0.004618413688599839
10608407,0.0005604689935064935
10608519,0.13498749379652605
10608539,0.0010616888943976203
10608729,0.005365851233094669
10608733,0.0
10609377,0.017838425806451615
10609379,0.002131798299874163
10609381,0.010785169280651048
10609383,0.005447141452206682
10609384,0.005094987361856792
10609448,0.003347774897418045
10609452,0.01852318534197716
10609460,0.0038771699553929637
10609463,0.005338566587253218
10609564,0.0
10609566,0.012519507961357205
10609567,0.012414051232393765
10609568,0.008923139693412697
10609858,0.0007183521823991437
10609863,0.0
10609956,0.0008903783808339714
10610045,0.001455109689811739
10610466,0.004951886458098399
10610528,0.001873504085303089
10610654,0.0010402708053691275
10610736,0.0
10611014,0.07083553816993363
10611145,0.0004275186014939358
10611550,0.005300118888888889
10612561,0.000365885566696899
10612684,0.002574515949898192
10700094,0.0019626606308411213
10700096,0.0012375379645538146
10700274,0.006947589539560489
10700485,0.018728290669821943
10700539,7.128238754880463e-05
10700608,0.00799357831180775
10700726,0.0
10700959,0.005467653089729036
10701220,0.0
10701283,0.0
10701302,0.0006467558761704567
10701693,0.007809123360242179
10701694,0.008635611723676988
10701695,0.03750395409422942
10701710,0.0020627699897413265
10701796,0.000974497667706514
10701797,0.0011292857075941214
10701808,-0.0007097232692307692
10701859,-0.003766879492059885
10701912,0.1327678080808081
10702089,0.002308462420382165
10702664,0.011305189548862176
10703004,0.003149938581733935
10703199,0.0
10703297,0.0014163809287486707
10703380,0.02241844615217762
10703850,0.0013183851888667992
10703866,0.0009426289891820552
10704006,0.015503286483169185
10704620,0.00030513497841174733
10704952,0.00542244872707025
10705035,0.000601686910765183
10705052,0.0
10705173,0.0008597084189719432
10705484,0.0
10705585,0.000619463644524237
10706125,0.003862394886573561
10706761,0.0015422839973873283
10707410,0.0022795771799307956
10707437,0.0028356028924777484
10707462,0.0055493781911935686
10707532,0.0
10707537,0.0018843386166048093
10707854,0.06342656842105264
10709136,0.0009404741868699208
10709148,0.000877846242435859
10709255,0.005549544606835655
10712321,0.0039636239975636995
10712493,0.0015958928695050192
10712519,0.0010343642686804454
10713175,0.0005354287368114667
10713256,0.0008892214028296851
10713425,0.0
10713748,0.0005505611083499005
10713766,0.0014099885709116084
10713816,0.0
10714021,1.2280875088214539e-05
10714352,0.0
10714353,0.010929053731776614
10715100,0.0007442889851063075
10715101,0.0
10715495,0.0032451545520689085
10715496,0.012955887165390402
10716569,0.0
10716755,0.03149380997574607
10716912,0.0006414840885142256
10716916,0.0017285553261883891
10716959,0.00158959561449225
10716969,0.0006613954411764705
10730297,0.0006175008279848556
10736532,0.0007681408732900373
10736856,0.0003867032738970271
10739817,0.0006571991800875775
10743212,0.12829505727224297
10745466,0.0
10745469,0.0004248938360490085
10748671,0.007493230193811628
10748892,0.0005598637236850068
10755801,0.007760223529411764
10756167,0.0014198680454617096
10756229,0.0277388386749036
10756512,0.0012977250481230078
10756611,0.18452968
10756753,0.0023571705153660224
10757257,0.025691373050801408
10757675,0.0030034036231884062
10759038,0.0009077077477671366
10759039,0.0010623355358381197
10760231,0.0
10761806,0.0
10765651,0.02587993372093023
10773608,0.001834494973144195
10773805,0.0014509427906976744
10773913,0.015599774048084828
10774644,0.0004930911434969714
10775686,0.0008335076063334368
10775687,0.0007322084918018932
10775766,0.0
10775768,0.0038094389487039683
10777106,0.0014406274644876242
10778992,0.0008750594232545863
10779519,0.0020606158730158727
10779531,0.0
10781133,0.010549175412293854
10781459,0.0011633588181341721
10781543,0.0009934987571749438
10781664,0.0007951390187357807
10783708,0.0007790595228382322
10783711,0.0008009653665097511
10783718,0.0005823158881340137
10783787,0.0
10783860,0.00035648934390456794
10784130,0.0
10784438,0.0003865784785748676
10785582,0.0010910934286135262
10785583,0.0
10785623,0.011338221897810221
10786219,0.0003622245693857653
10786297,0.0
10811099,0.0
10812282,0.006323617899543378
10813204,0.0012712033527478772
10813496,0.0009780856017298065
10814262,0.0
10814728,0.000795292589344442
10814907,0.0010701642427985848
10816751,0.0007103119991011909
10817484,0.00021253901030723372
10825997,0.0032493156109834813
10826722,0.0
10826726,0.007009866666666666
10827345,0.0006381234830288585
10827729,0.000830608274201336
10827730,0.0
10828794,0.0
10829028,0.003548205555555556
10829333,0.0
10829341,0.009143189423984894
10829348,0.0
10829349,0.0
10831370,0.0005610403095879444
10831845,0.005723817304827052
10836361,0.0006397806658009851
10836720,0.003361279387992933
10837093,0.002465363812633942
10837145,0.0011005078845325292
10837940,0.0
10838035,0.00584896975
10839115,0.002769809696969697
10839311,0.0008974967127937917
10839329,0.007553857070700848
10841961,0.0006923537625220442
10843160,0.0010484315896652668
10844603,0.0
10845477,0.0
10845670,0.012819866465207448
10847031,0.00034244881920310956
10847186,0.03302508869083672
10847612,0.0007204986951221605
10848567,0.0007169067724082844
10849011,0.0015263056722689076
10849238,0.013731782407463596
10849324,0.0004297099643258565
10850356,0.0
10850437,0.0016156157354618016
10851404,0.014297022365100765
10851568,0.00267790859821364
10852181,0.0009626134947652388
10857100,0.0010106514431118905
10860648,0.0
10860884,0.00044630387338129497
10861621,0.006297252044989776
10861788,0.0
10861977,-0.0007062718518518518
10862666,0.004589269928966061
10863162,0.0
10863398,0.0009429968861425276
10863407,0.0
10863813,0.0014814893113694718
10867893,0.004594643104643104
10868065,0.007275698888888888
10868226,0.0
10868280,0.0006188245800133211
10868566,0.0010343765645805594
10868661,0.0008517924242424242
10869337,0.04450232620320856
10869482,0.0004461461164329144
10869859,0.0
10870400,0.0011019679250276928
10870412,0.003618755510653931
10870697,0.0
10871328,0.03483132689759607
10872535,0.002896528333333333
10873562,0.0026681211538461544
10873936,0.001194580510788021
10874067,0.00045211791003073483
10874392,0.0014064241122257373
10874585,0.005004706851777867
10874631,0.0012703337513081355
10874737,0.0
10875385,0.005372188445367183
10875622,0.0
10876350,0.0
10876371,0.012573757407407408
10879445,0.002320245805638132
10879598,0.0011002686170212763
10879645,0.0006000052468277963
10880355,0.0014098915440477547
10880361,0.03907484873487349
10880595,0.0005395877412437455
10882693,0.0022390022233426178
10882701,0.0025219466331666282
10882870,0.0008986831681475443
10883963,0.0007991583875463942
10884342,0.0020942927681300593
10886429,0.0006830771523668641
10891286,0.016600261202531646
10891299,0.010594484505300355
10891463,0.017161939393939396
10891464,0.009557769820971868
10891689,-0.0002581119177929185
10892041,0.018562601217253238
10892062,0.012369718495934962
10892063,0.018141925315916515
10892089,0.011471575846833575
10892252,0.0015345534018403495
10892276,0.006977128554778554
10892636,0.016778279047619048
10892643,0.03393082362728785
10892650,0.03704593713251921
10892737,0.006968148786442626
10892741,0.0021967562028047463
10892794,0.002865804278507163
10892801,0.006328360012080944
10892821,0.010567217757367011
10892839,0.019146119257087
10892844,0.014233996509598607
10895454,0.010197113970588235
10897133,0.002191204869684499
10897500,0.02498780918856809
10897900,0.006205564888888889
10898158,0.0028033077744346307
10898191,0.008652250348814032
10898230,0.0044433520904059885
10898271,0.006890487513973794
10898276,0.002299413826931976
10898281,0.00497043033921088
10898339,0.0098743247943466
10898463,0.004232336354432272
10899264,0.0009108616184306576
10899388,0.0006201998025368856
10899626,0.0
10900960,0.004384866971390506
10902462,0.0
10902547,0.010370505575505576
10903141,0.0013158289779430165
10903414,0.0006964721325296126
10904146,0.003198034640830587
10904886,0.0052616214029913635
10905902,0.0
10906384,0.010757757124294512
10907717,0.0
10908526,-0.006928083182640145
10909073,0.002447988336163259
10909437,0.00751180243018435
10909513,0.007556543060825572
10909520,0.0
10909676,0.0010826829658037711
10910006,0.0009791891056910567
10910196,0.0025081463975030957
10910461,0.002022478960873207
10910669,0.0
10910721,0.03900095036385359
10911052,0.005480917307451023
10911086,0.0017499270501015712
10911158,0.008937648989307028
10911159,-0.0002014576446280992
10911160,0.0007694879013584815
10911161,0.0016126749204065877
10911162,0.0030250787710577503
10911163,0.0005061036811465755
10911164,0.016561054379410547
10911165,0.00932877572301079
10911214,0.053932011661807576
10911219,0.020919100998615787
10911220,0.025626882368703106
10911524,0.0002595050344288829
10911547,0.015274675905528634
10911548,-0.002621176470588235
10911789,0.0032491754423130807
10912789,0.0053104387010593414
10912807,0.0043193766437998014
10912862,0.004170000000000001
10912864,0.00035675271956030923
10912865,0.0052334328358208965
10913078,0.0071715149856302176
10913150,0.0013204721855288148
10913351,0.005329877957150215
10913477,0.0003727375832000231
10913703,0.042757136904761905
10913865,0.0011043551672862452
10913974,0.0026627974204236184
10914252,0.0011526263122154958
10914505,0.0052739575517485645
10914597,0.0010557076154806492
10915393,0.0
10915584,0.0018504491524971016
10916095,0.0
10916742,0.0007351673748619019
10916749,0.005010625828485878
10916953,0.00412479669013748
10917555,0.0008863406825666189
10917556,0.0005943246000795861
10917883,0.004981541747572817
10917963,0.0
10918245,0.011229118509654867
10918249,0.0
10918250,0.004338850574712644
10918670,0.0016988113422071135
10919667,0.0013033259780590718
10919669,0.0012096269927924662
10919680,0.0012856598413245393
10919740,0.0018819479166666668
10920216,0.0005999559399236736
10920323,0.0011476615942028984
10920411,0.0008001034571428572
10921182,0.0001666664
10921365,0.007936261224489797
10923363,0.009482587337864586
10923977,0.0009424982708487466
10924476,0.0
10924477,0.0006992612076095946
10924559,0.0017125199772213752
10925080,0.00045413432007400563
10925235,0.0038147380645161292
10925236,0.0
10925237,0.0017969272727272727
10925289,0.00495835223880597
10925745,0.0009915903898458749
10925794,0.0042103489354366
10926250,0.0007788
10926763,0.001506438547674404
10927241,0.0
10927280,0.0
10927284,0.012120300925925925
10928117,0.0
10928189,0.0005554952119830299
10928540,0.011371421634615386
10928962,0.03275341096641044
10929207,0.0009245716893963568
10929309,0.051236792682926816
10929465,0.027387191401585066
10929473,0.001932468724503672
10929479,0.0033025060096153846
10929601,0.004188734590955997
10929669,0.013401313725490195
10931527,5.6469791833895224e-05
10931687,0.00684482155278944
10931689,0.007342598287223277
10932088,0.0015515090923617148
10932100,0.0011824163892445584
10932973,0.002949327380428849
10933240,0.043071339300112886
10933328,0.02912354797979798
10933615,0.001143332977196553
10933616,0.0011246912301641954
10933617,0.0008225377333333333
10933714,0.0006426847427159014
10933896,0.0017799768523806484
10933957,0.0008816175456783122
10934304,0.031821858333333335
10934610,0.0008596253606451857
10934613,0.0007395098286744815
10935967,0.000228737556561086
10936061,0.00028495912967723195
10936188,0.00102877
10936252,0.0301447987012987
10936378,0.0
10936412,0.0
10936571,0.004500271673469387
10936737,0.014627111689138975
10936914,0.0008252781483557085
10937283,0.014542223738062755
10937401,0.0009229654030398013
10938590,0.001537066888703858
10938777,0.000713615923532287
10939424,0.00045910483152992743
10939960,0.001237305489758952
10940373,0.0014939718160627252
10940639,0.0005792607142857142
10940896,0.0004496648920499979
10941375,0.0005607510714285715
10941969,0.001721135918367347
10942238,0.0005264142857142857
10942406,0.0003382802362331346
10942514,0.011674197851576213
10942643,0.001907266743119266
10948574,0.0
10948639,0.0014137979624980251
10948854,0.0
10949376,0.0005916949999999999
10949401,0.00010345454545454548
10949410,0.0
10950502,0.0019841771153846157
10950750,0.0006018915776804027
10951590,0.002503829432704688
10951890,0.0016152382879045996
10953204,0.0
10953493,0.008231382352941179
10953806,0.0
10953884,0.0008773849959702888
10954664,0.0014313229166666667
10954750,0.0042007992440176315
10954799,0.001174601238721517
10954824,0.0029032005627132565
10954861,0.00142665425
10955317,0.0004200833661227637
10955653,0.00439118683283378
10955677,0.000999253957184774
10955973,0.008410433560440212
10956034,0.0
10956077,0.04575627399474642
10956457,0.0020101728092087002
10956893,0.0
10957089,0.0014077486169738601
10957323,0.009535191744045714
10957381,0.0007299818971759594
10957421,0.0003873174670230398
10957723,0.0
10958104,0.0
10958289,0.0
10958586,0.01924382940108893
10958696,0.009165240125188863
10958703,0.00805479120631537
10958750,0.0006930650236111848
10959293,0.0
10960180,0.01446970440040309
10961036,0.0037187559833780446
10961107,0.0008680967038809143
10961214,0.0012626182415362822
10961648,0.0032970533047246412
10961769,0.005270754716981132
10962223,0.007762201030927836
10962848,0.0
10962859,0.000972797253218884
10962860,0.0
10962876,0.0
10962909,0.0013314269299993008
10962981,0.027182936337039207
10963008,0.0
10963011,0.0
10963014,0.0
10963015,0.0
10963117,0.03145532222222223
10963482,0.0006869948374913782
10963483,0.00042948028251076466
10963671,0.0011536716627956285
10963683,0.0006440576828669612
10963700,0.005585106541992579
10963782,-0.10482976190476193
10963785,0.0
10963786,0.02524495530012772
10964657,0.0
10964658,0.0
10964659,0.0
10964670,0.0
10964671,0.0
10965128,0.005252417352941175
10965899,0.0019174720812182744
10966282,0.0012090666332665331
10966557,0.0010564257661492007
10967617,0.0
10967811,0.024794432222023682
10968114,0.0043318
10968478,0.000827623702971432
10968623,0.0025936990176635196
10969117,0.0
10969278,0.001532107843137255
10969391,0.006142356552538371
10969805,0.0014708675471582118
10969855,0.0013973712121212118
10970539,0.0
10970937,0.0015778607050173012
10970945,0.0003927415439119896
10971083,0.0007324716693562848
10971175,-0.0004291518518518518
10971220,0.0008960838513283378
10971401,0.0
10971768,0.004977763419483101
10971923,0.019837535993361452
10972071,0.0016733168627450982
10972289,0.0
10972740,0.0035546600000000003
10973066,0.0016807662014735845
10973077,0.0017879003078764533
10973676,0.003806651287966167
10973677,0.00020256733714479704
10975022,0.0
10975306,0.0007721907310726217
10975622,0.0008412825839912291
10975650,0.0007959972647326237
10975739,0.0006237163303739575
10975963,0.0007374148539465507
10976186,0.02566636808298727
10976272,0.0788125144117647
10976439,0.0
10976738,0.00030800140318054247
10977121,0.0013321431956356835
10977545,0.0007546416666666667
10977669,0.0
10977680,0.0
10977964,0.0003950391416331401
10978157,0.000245991947569462
10980677,5.663594029850745e-05
10980711,0.0005399253639904574
10981157,0.0006351987024957459
10981182,0.0
10981223,0.00035379243837016224
10981314,0.0
10981341,0.0
10981695,0.0006904114214937789
10982954,0.0
10983407,0.00022641037089793457
10983480,0.0012455652271704904
10984174,0.0005282308709616474
10985099,0.0012170901517204009
10985140,0.0
10985654,0.040775923332295884
10985746,0.034083498969002465
10985748,0.03331710705848811
10985823,0.002170863979848867
10986196,0.0008141500176681159
10986532,0.049041533119658136
10986533,0.04084268162393163
10988162,0.011018226883305653
10988306,0.0014598888503410516
10988449,0.000461583700767897
10988604,0.0009635461137897782
10989056,0.0011778719841269842
10989209,0.0020668719165085393
10989623,0.05106430722619156
10990011,0.059000958750000006
10990046,0.03472275617472953
10990047,0.04021087146980005
10990048,0.0690699842589741
10990094,0.0
10990206,0.0379413211442417
10990207,0.03867688625226378
10990208,0.036701489704905575
10990209,0.026779802464836425
10990210,0.03601373445247791
10990212,0.03467458978813764
10990217,0.032453952458201756
10990218,0.03420648094315246
10990221,0.02943503940533763
10990222,0.03669929453262786
10990223,0.02628936868686868
10990224,0.035110833440335554
10990225,0.036321547420576535
10990227,0.03354845373017321
10990272,0.06567380144032921
10990276,0.07128034332436435
10990277,0.07326134617123226
10990281,0.03956124493581296
10990282,0.04005845613670956
10990288,0.04057887845904622
10990289,0.037434356416275426
10990302,0.0
10990438,0.0006330273246031166
10990525,0.0010058626512464161
10991494,0.05158281393494898
10991724,0.0007513894322330371
10991906,0.0011256768290111745
10991907,0.0017142857142857142
10992117,0.0004980598131803334
10992124,0.0008827848627420799
10992173,0.0009687570456754132
10992713,0.0
10993040,0.010107698840342039
10994153,0.00033645273341881336
10994198,0.0
10994393,0.0008636420073841104
10994836,0.0
10995217,-0.0005806153846153846
10995492,0.0005983007840420908
10996134,0.0
10996525,0.0008243173116784939
10996672,0.0
10996900,0.0020323176994767565
10997060,0.0003273690820101912
10997138,0.0008483613092284231
10997163,0.0022626378529869095
10997240,0.000883854429687927
10997788,-0.0006656433899101427
10997924,0.0
10998466,0.005128189016472745
10998934,0.0011826987599410186
10998935,0.0006124649122807018
10998936,0.00107415
10998950,0.0
10999002,0.0010610173333333332
10999144,0.0006094111549691149
10999580,0.0014534708269336519
10999678,0.00013353361344537815
10999733,0.0009822717125498276
10999735,0.0005202670615068108
10999744,0.0007159073622047244
10999846,-3.4602076124567473e-06
10999883,0.0009266738662694473
11000008,0.0
11000111,1.541024990435918e-05
11000119,0.0002339070508141048
11000314,0.0027231713539634422
11000566,0.0031333270398481968
11000854,0.0018655427927927928
11001012,0.0003812486836293476
11001047,0.00029013593220338985
11001157,0.0011267399401499337
11001698,-0.0009688113744075828
11001704,0.0
11001706,0.004596357172926704
11001837,0.0023191321428571426
11001999,5.24178431372549e-05
11002422,0.01956872877358491
11002430,0.0
11002431,0.0
11002442,0.0003907201488679831
11002443,0.0005311407243351762
11002519,0.027480913901345293
11002808,0.0022113266235641756
11003259,0.000459144945798701
11003306,0.00019066620402498265
11003335,0.0
11003385,0.0003350522246337493
11003391,0.0003831912991656734
11003453,0.002665158098887161
11003463,0.00414353
11003464,0.008381966666666667
11003465,0.004736469571230981
11003466,0.006865660000000001
11003598,0.0
11003849,0.0
11004220,0.001595476430976431
11004224,0.0030990227081581162
11004256,0.0
11004633,0.0
11005013,0.01741734605149239
11006069,0.0010004536363636366
11006316,0.009669346528889537
11006628,0.0009858804059521208
11006774,0.029969663052996393
11006775,0.03783866010353115
11006776,0.039727744542401355
11006777,0.033242400928625425
11006778,0.039388598839803654
11006779,0.04767913194444444
11006971,0.0013022896193771627
11007022,0.0014228512123004142
11007134,0.0016214168300653594
11007218,0.010001233749260664
11007382,0.0
11007843,0.0008591215063186053
11007972,-0.0002484916666666667
11008117,0.0001186886094962588
11008600,0.0
11008956,0.0006797800171526587
11009538,-7.86376923076923e-05
11009621,0.0
11009655,0.0009365152777777777
11009668,0.0009700070932646002
11010384,0.0004328819046262332
11010454,0.0014044024061435055
11010702,0.0028595737704918034
11010740,0.00526932899869961
11010808,0.0
11010820,0.025986263677130052
11011442,-0.00023335384615384615
11011443,-0.0003574
11011523,0.0005124703810191401
11011680,0.0010113443032768277
11012152,0.00026940321743642963
11012298,0.00340575
11012407,0.0012526780527477635
11016412,0.0013829495016725898
11016416,0.006708534602784603
11017634,0.0007622857142857143
11017665,0.0012840750842646798
11017794,0.001287447297918978
11017802,0.0012785205454545457
11018093,0.0010786558650905185
11018259,0.004819594302191133
11018699,0.001004338878832285
11019389,0.0007611223842478168
11019416,0.002995023809523809
11019440,0.0006854354915590865
11019472,0.0014948325878956009
11019661,0.0005023462290847624
11019780,0.0014228332637626555
11019881,-0.0006335142857142858
11020003,0.00040078634298693923
11020193,0.0007911701236031155
11020555,0.0
11020942,0.0
11020966,0.0
11021349,-0.001364636363636364
11021813,0.0006117045567713187
11021952,0.0017967005076142133
11021959,0.0
11022163,0.0
11022177,0.0021275494500779474
11022443,-0.00014848
11022520,-7.690105787181083e-05
11022597,0.039083996116776036
11022598,0.040742344124700236
11022662,0.0004233510843148401
11022791,0.002441715766766477
11022862,0.04012746709316861
11022863,0.041687014358108114
11022864,0.0434570644497115
11022866,0.038717907286371346
11022869,0.03820643768768769
11022880,0.04020543345543346
11022881,0.050923495370370365
11022888,0.01591120878437228
11022903,0.004688973945582292
11023054,-0.0004047931034482759
11023770,0.0
11024103,0.001367471
11024115,0.00010439825581395347
11026183,0.0014232472108044627
11026184,0.001622274311935718
11026352,0.0006811242194864711
11026355,0.0010732736010985238
11026370,0.0011914995351539803
11026372,0.0007931721535103675
11026756,0.0011570640000000002
11026843,0.005289333333333333
11026845,0.0062306666666666665
11026891,0.0047830534777651085
11027173,0.0005407556097560976
11027256,0.019981843777216773
11027322,0.0006161165475536009
11027431,0.0006868094130524011
11028322,0.00021921540653829335
11028325,0.0002131866370512451
11028399,0.00021962549179847384
11028400,0.0005489737211090506
11028800,0.00015064142738981448
11029937,-4.033044707040022e-05
11030361,0.0
11030690,0.0007716263157894738
11030998,0.0031980141843971637
11031271,0.0
11031272,-0.0012378394736842105
11031303,0.0006185103913219789
11031305,0.0016264332334882529
11031815,0.0004666854368932039
11031891,0.04896191818181818
11032684,0.0003010811885482938
11033188,-6.730560000000001e-05
11033243,0.0008646379266590534
11033566,0.00088408872651357
11033843,0.0
11034420,0.0003342741626007346
11034708,0.0008605700000000001
11035020,-0.0014185150000000002
11035226,0.0006162025019873645
11035968,0.041314616959064326
11036459,0.0008761351594521644
11036593,0.0005255896489906207
11036743,0.001711625
11036765,-0.00017008333333333334
11037585,0.001428258872810358
11037702,0.0184170655
11037737,0.0
11037808,0.0
11038103,0.0005300564163017851
11038164,0.0009340097222222224
11038708,0.0006483235714285715
11038731,-0.0001036
11038797,0.0
11039746,0.004049007352941177
11039783,0.000188849
11040116,0.0013749169110459432
11040726,0.012497480953958268
11040931,0.0010825865309318713
11041146,0.0009223204081632652
11042234,0.00177774
