K,P,j
10000298,111190-01_10000298_0101,1
10000298,111190-01_10000298_0105,1
10000298,111190-01_10000298_0109,1
10000511,123520-07_10000511_0101,1
10000685,123510-02_10000685_1000,1
10000762,110980-01_10000762_0702,1
10000762,110980-01_10000762_0704,1
10000762,110980-01_10000762_0700,1
10000762,110980-01_10000762_0701,1
10000781,123510-02_10000781_1000,1
10001296,110980-01_10001296_0700,1
10001296,110980-01_10001296_0701,1
10001296,110980-01_10001296_0703,1
10001296,110980-01_10001296_0705,1
10001575,111190-02_10001575_0300,1
10001575,111190-02_10001575_0100,1
10001655,123530-04_10001655_0800,1
10001953,111260-03_10001953_0510,1
10001953,111260-02_10001953_0500,1
10002196,123540-10_10002196_0500,1
10002196,123540-12_10002196_0600,1
10002939,110320-04_10002939_0100,1
10003685,111130-04_10003685_0100,1
10003756,123590-06_10003756_0300,1
10003756,123590-06_10003756_0301,1
10003860,124600-10_10003860_0700,1
10003860,124600-10_10003860_0800,1
10003896,151210-76_10003896_0200,1
10004578,110980-02_10004578_0700,1
10004578,110980-02_10004578_0701,1
10004663,123510-05_10004663_1000,1
10004729,110980-01_10004729_0100,1
10004729,110980-02_10004729_0200,1
10005594,123420-17_10005594_0100,1
10006071,110980-01_10006071_0704,1
10006071,110980-01_10006071_0703,1
10006314,110980-02_10006314_0701,1
10006314,110980-02_10006314_0700,1
10009397,111260-02_10009397_0510,1
10009397,111260-02_10009397_0520,1
10009397,111260-02_10009397_0530,1
10009397,111260-11_10009397_0500,1
10009946,123410-15_10009946_0200,1
10010953,110980-01_10010953_0700,1
10010953,110980-01_10010953_0702,1
10010953,110980-01_10010953_0704,1
10010953,110980-01_10010953_0705,1
10010953,111190-01_10010953_0100,1
10010953,111190-01_10010953_0101,1
10010953,111190-01_10010953_0102,1
10010953,111190-03_10010953_0300,1
10010953,111190-03_10010953_0301,1
10010979,110980-01_10010979_0703,1
10010979,110980-01_10010979_0705,1
10010979,110980-01_10010979_0700,1
10010979,110980-01_10010979_0701,1
10011211,124930-30_10011211_3000,1
10011329,123510-02_10011329_1000,1
10011844,111190-01_10011844_0103,1
10011844,111190-01_10011844_0101,1
10011844,111190-01_10011844_0109,1
10011844,110980-01_10011844_0702,1
10011844,110980-01_10011844_0700,1
10011844,110980-01_10011844_0703,1
10011993,123550-11_10011993_1000,1
10012385,123520-07_10012385_0201,1
10012385,123520-07_10012385_0202,1
10012422,123550-03_10012422_1000,1
10012422,123550-03_10012422_1100,1
10012766,123520-17_10012766_0100,1
10013228,123590-06_10013228_0300,1
10014758,124930-30_10014758_3000,1
10014827,111230-06_10014827_0200,1
10014827,111230-06_10014827_0100,1
10015141,110980-01_10015141_0700,1
10015141,110980-01_10015141_0702,1
10015141,110980-01_10015141_0705,1
10015141,110980-01_10015141_0706,1
10015141,110980-02_10015141_0200,1
10015469,111190-03_10015469_0300,1
10015469,111190-01_10015469_0103,1
10015469,111190-01_10015469_0102,1
10015469,111190-01_10015469_0101,1
10015469,110980-03_10015469_0800,1
10015469,110980-01_10015469_0704,1
10015469,110980-01_10015469_0705,1
10015469,110980-01_10015469_0703,1
10015469,110980-01_10015469_0702,1
10015469,110980-01_10015469_0701,1
10015469,110980-01_10015469_0800,1
10015715,110980-01_10015715_0604,1
10015715,110980-01_10015715_0603,1
10015715,110980-01_10015715_0600,1
10015715,110980-01_10015715_0601,1
10015715,110980-01_10015715_0602,1
10016154,123510-05_10016154_1000,1
10016333,123680-23_10016333_0200,1
10016528,111260-11_10016528_0500,1
10016528,111260-11_10016528_0600,1
10016618,123020-03_10016618_0700,1
10016630,111190-01_10016630_0105,1
10016630,110980-01_10016630_0700,1
10016630,110980-01_10016630_0702,1
10016630,110980-01_10016630_0703,1
10016630,110980-01_10016630_0704,1
10016630,111190-01_10016630_0101,1
10016630,111190-01_10016630_0103,1
10016723,111190-01_10016723_0110,1
10016723,111190-01_10016723_0106,1
10016723,111190-01_10016723_0104,1
10016723,111190-01_10016723_0101,1
10016965,111190-01_10016965_0103,1
10016965,111190-01_10016965_0101,1
10016965,110980-02_10016965_0801,1
10016965,110980-02_10016965_0800,1
10016965,110980-02_10016965_0201,1
10016965,110980-02_10016965_0200,1
10016965,110980-01_10016965_0903,1
10016965,110980-01_10016965_0902,1
10016965,110980-01_10016965_0901,1
10016965,110980-01_10016965_0900,1
10016965,110980-01_10016965_0706,1
10016965,110980-01_10016965_0703,1
10016965,110980-01_10016965_0702,1
10016965,110980-01_10016965_0700,1
10016965,111190-01_10016965_0105,1
10017275,123410-15_10017275_0200,1
10017415,124870-01_10017415_0600,1
10017619,111580-07_10017619_0200,1
10017850,110980-01_10017850_0700,1
10017850,110980-01_10017850_0702,1
10017850,110980-01_10017850_0704,1
10017850,110980-01_10017850_0705,1
10017925,111190-01_10017925_0101,1
10017925,111190-01_10017925_0103,1
10017925,111190-01_10017925_0104,1
10017925,111190-03_10017925_0201,1
10017925,111190-03_10017925_0202,1
10017937,111240-12_10017937_0100,1
10017954,111190-01_10017954_0101,1
10017954,111190-01_10017954_0105,1
10017954,111190-01_10017954_0111,1
10017954,111190-03_10017954_0201,1
10017954,111190-03_10017954_0203,1
10017955,111190-03_10017955_0202,1
10017955,111190-03_10017955_0201,1
10017955,111190-01_10017955_0109,1
10017955,111190-01_10017955_0104,1
10017955,111190-01_10017955_0101,1
10018770,123550-09_10018770_1100,1
10018770,123550-10_10018770_1000,1
10018799,123510-02_10018799_1000,1
10019086,123590-05_10019086_0400,1
10019320,110980-01_10019320_0700,1
10019320,110980-03_10019320_0100,1
10019410,123540-08_10019410_0500,1
10019448,123510-02_10019448_1000,1
10019451,110980-01_10019451_0100,1
10019451,110980-01_10019451_0101,1
10019451,110980-01_10019451_0102,1
10019451,110980-01_10019451_0103,1
10019451,110980-01_10019451_0104,1
10019451,110980-01_10019451_0700,1
10019490,111190-03_10019490_0301,1
10019490,111190-03_10019490_0300,1
10019490,111190-01_10019490_0105,1
10019490,111190-01_10019490_0100,1
10019490,111190-01_10019490_0108,1
10019540,123080-05_10019540_0300,1
10019699,110980-01_10019699_0700,1
10019699,110980-01_10019699_0702,1
10019699,110980-01_10019699_0704,1
10019699,110980-01_10019699_0705,1
10019699,110980-02_10019699_0200,1
10020100,135150-07_10020100_0200,1
10020108,135130-24_10020108_0400,1
10020342,135150-02_10020342_0300,1
10020342,135150-17_10020342_0800,1
10020539,135150-02_10020539_0300,1
10020539,135150-17_10020539_0800,1
10020648,134130-05_10020648_1400,1
10020780,135150-07_10020780_0200,1
10022275,134130-05_10022275_1700,1
10022460,134130-08_10022460_1400,1
10025298,135150-07_10025298_0200,1
10025497,135150-02_10025497_0500,1
10025497,135150-17_10025497_0800,1
10025800,134130-08_10025800_1400,1
10027135,134130-04_10027135_1400,1
10027238,134130-04_10027238_1400,1
10027438,134130-04_10027438_1400,1
10027465,134130-04_10027465_1400,1
10028021,134130-02_10028021_1400,1
10028178,134130-01_10028178_1400,1
10028211,134130-01_10028211_1300,1
10035085,135120-08_10035085_0200,1
10035275,135130-18_10035275_0500,1
10035275,135130-19_10035275_0200,1
10035275,135130-25_10035275_0400,1
10055820,134130-08_10055820_1300,1
10060177,111190-03_10060177_0202,1
10060177,111190-03_10060177_0201,1
10060177,111190-01_10060177_0103,1
10060177,111190-01_10060177_0100,1
10060177,111190-01_10060177_0109,1
10060496,123530-09_10060496_0800,1
10060693,111580-07_10060693_0100,1
10061329,124870-03_10061329_0500,1
10061431,110980-01_10061431_0803,1
10061431,110980-01_10061431_0800,1
10061431,110980-01_10061431_0801,1
10061431,110980-01_10061431_0802,1
10061431,110980-01_10061431_0804,1
10061584,111190-03_10061584_0300,1
10062585,111580-04_10062585_0400,1
10062735,111220-05_10062735_0500,1
10062806,124870-01_10062806_0600,1
10063593,124930-70_10063593_7010,1
10063593,124930-70_10063593_7000,1
10063659,111500-02_10063659_0200,1
10064088,123540-08_10064088_0300,1
10064285,111500-01_10064285_0200,1
10064402,111230-06_10064402_0100,1
10064402,111230-06_10064402_0200,1
10064482,111260-02_10064482_0500,1
10064551,111150-07_10064551_0100,1
10064667,110980-02_10064667_0700,1
10064778,123590-05_10064778_0400,1
10064793,111190-01_10064793_0110,1
10064793,111190-01_10064793_0103,1
10064793,111190-01_10064793_0101,1
10064839,110980-02_10064839_0700,1
10064839,110980-02_10064839_0701,1
10067290,111190-03_10067290_0300,1
10067363,110980-02_10067363_0700,1
10067363,110980-02_10067363_0701,1
10067363,110980-02_10067363_0702,1
10067988,123550-11_10067988_1000,1
10068024,111190-01_10068024_0107,1
10068024,111190-01_10068024_0101,1
10068024,111190-01_10068024_0105,1
10068315,123550-11_10068315_1000,1
10068498,123540-10_10068498_0200,1
10068498,123540-12_10068498_0100,1
10068659,111260-11_10068659_0500,1
10068659,111260-11_10068659_0600,1
10069231,111450-08_10069231_0101,1
10069741,111700-09_10069741_0900,1
10070011,134130-02_10070011_1400,1
10070577,123510-03_10070577_1000,1
10070668,111230-06_10070668_0100,1
10070668,111230-06_10070668_0200,1
10070668,111260-01_10070668_0500,1
10070749,111240-05_10070749_0300,1
10071235,123420-17_10071235_0100,1
10071545,111260-11_10071545_0500,1
10071740,111190-01_10071740_0200,1
10071836,123540-12_10071836_0700,1
10072354,123540-05_10072354_0100,1
10072354,123540-14_10072354_0020,1
10072501,123520-17_10072501_0101,1
10072501,123520-17_10072501_0102,1
10072547,123020-03_10072547_0700,1
10072752,111190-01_10072752_0100,1
10072844,110980-01_10072844_0100,1
10072844,110980-02_10072844_0200,1
10073224,124600-06_10073224_0600,1
10073224,124600-04_10073224_0400,1
10073594,123590-01_10073594_0202,1
10073594,123590-01_10073594_0204,1
10073709,111260-02_10073709_0510,1
10073709,111260-03_10073709_0500,1
10074299,151330-06_10074299_0200,1
10074299,151330-08_10074299_0800,1
10075511,110980-02_10075511_0700,1
10075658,111260-01_10075658_0600,1
10075916,123590-05_10075916_0300,1
10075916,123590-06_10075916_0200,1
10076196,110320-04_10076196_0300,1
10076417,110320-02_10076417_0200,1
10078279,123420-17_10078279_0100,1
10078634,123520-15_10078634_0600,1
10079411,123410-15_10079411_0200,1
10079726,111260-11_10079726_0500,1
10079792,123550-11_10079792_1000,1
10079828,111190-01_10079828_0103,1
10079828,111190-01_10079828_0106,1
10080336,110980-01_10080336_0700,1
10080702,123530-04_10080702_0800,1
10081316,111190-03_10081316_0300,1
10081316,111190-01_10081316_0104,1
10081316,111190-01_10081316_0103,1
10081316,111190-01_10081316_0101,1
10081316,110980-03_10081316_0800,1
10081316,110980-01_10081316_0800,1
10081316,110980-01_10081316_0703,1
10081316,110980-01_10081316_0702,1
10081316,110980-01_10081316_0701,1
10081316,110980-01_10081316_0700,1
10081624,134130-31_10081624_1500,1
10081624,134130-32_10081624_1600,1
10082187,111150-07_10082187_0300,1
10082187,111150-07_10082187_0400,1
10082444,110980-01_10082444_0700,1
10082972,110980-01_10082972_0700,1
10082972,110980-01_10082972_0702,1
10082972,110980-01_10082972_0703,1
10082972,110980-01_10082972_0705,1
10082972,111190-01_10082972_0101,1
10082972,111190-01_10082972_0103,1
10082972,111190-01_10082972_0104,1
10083829,111580-07_10083829_0200,1
10084393,123510-02_10084393_1000,1
10085070,134130-31_10085070_1500,1
10085089,110980-01_10085089_0700,1
10085539,110980-02_10085539_0700,1
10085539,110980-02_10085539_0701,1
10085701,111190-01_10085701_0101,1
10085701,111190-01_10085701_0106,1
10085701,111190-01_10085701_0112,1
10085701,111190-03_10085701_0300,1
10085796,111040-01_10085796_0900,1
10085796,111040-04_10085796_0800,1
10085842,111180-09_10085842_0100,1
10086961,123550-03_10086961_1000,1
10086961,123550-03_10086961_1100,1
10087140,111190-01_10087140_0102,1
10087140,111190-01_10087140_0101,1
10087140,111190-01_10087140_0100,1
10087140,110980-03_10087140_0800,1
10087140,110980-01_10087140_0705,1
10087140,110980-01_10087140_0704,1
10087140,110980-01_10087140_0703,1
10087140,110980-01_10087140_0702,1
10087140,110980-01_10087140_0701,1
10087140,110980-01_10087140_0700,1
10087509,123590-01_10087509_0103,1
10087509,123590-01_10087509_0104,1
10087667,123420-17_10087667_0200,1
10087992,111260-02_10087992_0510,1
10087992,111260-02_10087992_0530,1
10087992,111260-11_10087992_0500,1
10087992,111260-11_10087992_0540,1
10088477,110980-02_10088477_0201,1
10088477,110980-01_10088477_0708,1
10088477,110980-01_10088477_0707,1
10088477,110980-02_10088477_0200,1
10088477,110980-01_10088477_0702,1
10088477,110980-01_10088477_0706,1
10088477,110980-01_10088477_0700,1
10088735,123550-03_10088735_1000,1
10088735,123550-03_10088735_1100,1
10089444,111580-07_10089444_0300,1
10089831,123530-04_10089831_0800,1
10089831,123530-04_10089831_0801,1
10089832,123530-04_10089832_0801,1
10089832,123530-04_10089832_0800,1
10095046,111190-01_10095046_0101,1
10095046,111190-01_10095046_0104,1
10095046,111190-01_10095046_0106,1
10095384,110320-02_10095384_0100,1
10095837,111190-01_10095837_0101,1
10095837,111190-01_10095837_0103,1
10095837,111190-01_10095837_0104,1
10095844,110980-03_10095844_0800,1
10095844,110980-01_10095844_0704,1
10095844,110980-01_10095844_0705,1
10095844,110980-01_10095844_0703,1
10095844,110980-01_10095844_0701,1
10095994,110980-01_10095994_0700,1
10095994,110980-01_10095994_0701,1
10095994,110980-01_10095994_0702,1
10095994,110980-01_10095994_0704,1
10095994,110980-02_10095994_0200,1
10095994,110980-02_10095994_0201,1
10096123,111260-11_10096123_0600,1
10096123,111260-11_10096123_0500,1
10096247,111190-01_10096247_0100,1
10096247,111190-01_10096247_0101,1
10096247,111190-01_10096247_0104,1
10096247,111190-03_10096247_0300,1
10096297,123530-05_10096297_0800,1
10096297,123530-05_10096297_0801,1
10096334,123550-04_10096334_1200,1
10096334,123550-04_10096334_1100,1
10096334,123550-04_10096334_1000,1
10096728,111190-03_10096728_0300,1
10096728,111190-01_10096728_0101,1
10096728,111190-01_10096728_0100,1
10096728,110980-01_10096728_0706,1
10096728,111190-01_10096728_0102,1
10096728,110980-01_10096728_0704,1
10096728,110980-01_10096728_0702,1
10096728,110980-01_10096728_0700,1
10096728,110980-01_10096728_0705,1
10096860,110980-01_10096860_0700,1
10096860,110980-01_10096860_0701,1
10096860,110980-01_10096860_0703,1
10096860,110980-01_10096860_0706,1
10096860,111190-01_10096860_0101,1
10097432,123530-04_10097432_0800,1
10123558,134130-05_10123558_1400,1
10141654,134130-05_10141654_1400,1
10193336,134130-05_10193336_1400,1
10193370,134130-05_10193370_1400,1
10193372,134130-05_10193372_1400,1
10200423,111580-07_10200423_0200,1
10201117,111260-02_10201117_0500,1
10201117,111260-02_10201117_0510,1
10201117,111260-02_10201117_0520,1
10201152,110980-01_10201152_0700,1
10201152,110980-01_10201152_0701,1
10201152,110980-01_10201152_0703,1
10201152,110980-01_10201152_0704,1
10201152,111190-01_10201152_0100,1
10201176,123420-17_10201176_0100,1
10201216,110980-01_10201216_0701,1
10201216,110980-01_10201216_0702,1
10201549,123080-15_10201549_0300,1
10201765,111190-01_10201765_0109,1
10201765,111190-01_10201765_0103,1
10201765,111190-01_10201765_0101,1
10201941,123550-09_10201941_1000,1
10202704,111190-01_10202704_0104,1
10202704,111190-01_10202704_0101,1
10202704,110980-03_10202704_0800,1
10202704,111190-01_10202704_0103,1
10202704,110980-01_10202704_0704,1
10202704,110980-01_10202704_0703,1
10202704,110980-01_10202704_0700,1
10202704,110980-01_10202704_0800,1
10202705,110980-01_10202705_0700,1
10202705,110980-01_10202705_0704,1
10202705,111190-01_10202705_0100,1
10202705,111190-01_10202705_0102,1
10202705,111190-01_10202705_0104,1
10202948,134130-31_10202948_1500,1
10202948,134130-32_10202948_1600,1
10203138,123420-17_10203138_0100,1
10203517,111190-03_10203517_0301,1
10203517,111190-01_10203517_0105,1
10203517,111190-01_10203517_0104,1
10203517,111190-01_10203517_0101,1
10204126,123020-03_10204126_0700,1
10204620,134130-05_10204620_1700,1
10204766,123510-05_10204766_1000,1
10205104,110980-02_10205104_0700,1
10205499,111190-03_10205499_0301,1
10205499,111190-03_10205499_0300,1
10205499,111190-01_10205499_0402,1
10205499,111190-01_10205499_0401,1
10205499,111190-01_10205499_0400,1
10205504,123560-01_10205504_0200,1
10205509,111190-03_10205509_0300,1
10205568,111500-01_10205568_0200,1
10205781,123380-03_58026484_0401,1
10205781,123380-03_58874298_0401,1
10205781,123380-03_58630054_0401,1
10205781,123380-03_58561402_0401,1
10205781,123380-03_58517966_0401,1
10205781,123380-03_58495875_0401,1
10205781,123380-03_10205781_0401,1
10205781,123380-03_58561396_0401,1
10206065,123590-06_10206065_0100,1
10206309,123420-17_10206309_0200,1
10206830,135130-18_10206830_0500,1
10206830,135130-19_10206830_0400,1
10206957,110980-01_10206957_0701,1
10206957,111190-03_10206957_0300,1
10206957,111190-01_10206957_0103,1
10206957,111190-01_10206957_0102,1
10206957,110980-01_10206957_0700,1
10206957,110980-01_10206957_0704,1
10206957,110980-01_10206957_0703,1
10206957,111190-03_10206957_0301,1
10206957,111190-01_10206957_0101,1
10207056,123470-20_10207056_0300,1
10207201,111260-11_10207201_0600,1
10207201,111260-11_10207201_0500,1
10207201,111230-06_10207201_0100,1
10207201,111230-06_10207201_0200,1
10207201,111260-01_10207201_0510,1
10207384,110980-01_10207384_0700,1
10207384,110980-01_10207384_0703,1
10207525,123590-01_10207525_0300,1
10207525,123590-01_10207525_0301,1
10207671,123530-05_10207671_0800,1
10207934,123590-06_10207934_0100,1
10207934,123590-06_10207934_0101,1
10207964,111260-02_10207964_0510,1
10207964,111260-02_10207964_0520,1
10207964,111260-03_10207964_0500,1
10208034,123520-07_10208034_0100,1
10208278,134130-08_10208278_1400,1
10208326,111150-07_10208326_0100,1
10208359,111260-11_10208359_0510,1
10208359,111260-11_10208359_0500,1
10208633,123550-11_10208633_1000,1
10209067,123020-03_10209067_0700,1
10209091,111240-06_10209091_0100,1
10209817,124870-01_10209817_0700,1
10209934,111190-01_10209934_0111,1
10209934,110980-01_10209934_0800,1
10209934,110980-01_10209934_0801,1
10209934,110980-01_10209934_0802,1
10209934,111190-03_10209934_0301,1
10210141,123520-15_10210141_0200,1
10210141,123530-09_10210141_0100,1
10210141,123530-09_10210141_0101,1
10210252,123550-06_10210252_1000,1
10210389,134130-01_10210389_1300,1
10210495,124600-04_10210495_0200,1
10211087,123420-17_10211087_0100,1
10211274,111260-01_10211274_0300,1
10211274,111230-06_10211274_0200,1
10211274,111230-06_10211274_0100,1
10211305,110980-01_10211305_0700,1
10211305,110980-01_10211305_0701,1
10211305,110980-01_10211305_0704,1
10211305,110980-01_10211305_0705,1
10211305,110980-02_10211305_0200,1
10211496,111190-03_10211496_0400,1
10211496,111190-03_10211496_0300,1
10211496,111190-01_10211496_0102,1
10211496,111190-01_10211496_0101,1
10211496,111190-01_10211496_0100,1
10211620,111560-04_10211620_0100,1
10211856,124870-02_10211856_0300,1
10212187,110980-01_10212187_0700,1
10212669,124870-03_10212669_0100,1
10213097,111260-01_10213097_0800,1
10213750,135130-25_10213750_0400,1
10213750,135130-18_10213750_0500,1
10213750,135130-19_10213750_0200,1
10219338,123530-05_10219338_0900,1
10219786,111190-01_10219786_0101,1
10219786,111190-01_10219786_0102,1
10219786,111190-01_10219786_0103,1
10219786,111190-03_10219786_0300,1
10219932,111190-01_10219932_0101,1
10219932,111190-01_10219932_0105,1
10219932,111190-01_10219932_0108,1
10219932,111190-03_10219932_0301,1
10220499,111150-07_10220499_0100,1
10231237,124870-02_10231237_0500,1
10233815,134130-31_10233815_1500,1
10233815,134130-32_10233815_1600,1
10233851,110980-02_10233851_0800,1
10233851,110980-02_10233851_0202,1
10233851,110980-01_10233851_0703,1
10233851,110980-02_10233851_0802,1
10233851,110980-02_10233851_0201,1
10233851,110980-02_10233851_0801,1
10233851,110980-02_10233851_0200,1
10233851,110980-01_10233851_0701,1
10233851,110980-01_10233851_0902,1
10233851,110980-01_10233851_0901,1
10233851,110980-01_10233851_0900,1
10233851,110980-01_10233851_0706,1
10233851,110980-01_10233851_0700,1
10233851,110980-01_10233851_0903,1
10234275,135130-18_10234275_0400,1
10234277,135130-18_10234277_0400,1
10234497,111190-01_10234497_0101,1
10234497,111190-01_10234497_0106,1
10234497,111190-01_10234497_0107,1
10235277,123520-15_10235277_0200,1
10235299,111190-01_10235299_0108,1
10235299,111190-01_10235299_0106,1
10235299,111190-01_10235299_0101,1
10235864,123550-08_10235864_1000,1
10237487,110980-01_10237487_0700,1
10237487,110980-01_10237487_0701,1
10237487,110980-01_10237487_0703,1
10237487,110980-01_10237487_0704,1
10237540,123470-31_10237540_0400,1
10237660,110320-04_10237660_0200,1
10239090,123590-01_10239090_0202,1
10240547,111190-01_10240547_0105,1
10240547,110980-02_10240547_0200,1
10240547,111190-01_10240547_0101,1
10240547,111190-01_10240547_0109,1
10241186,111240-16_10241186_0201,1
10241186,111240-06_10241186_0200,1
10242280,111190-03_10242280_0500,1
10242280,111190-01_10242280_0402,1
10242280,111190-03_10242280_0501,1
10242280,111190-01_10242280_0401,1
10242280,111180-09_10242280_0300,1
10242280,111180-09_10242280_0302,1
10242280,111180-09_10242280_0301,1
10242280,111190-01_10242280_0400,1
10242411,135100-07_10242411_0100,1
10242411,135100-07_10242411_0300,1
10242574,134130-08_10242574_1400,1
10242642,111580-07_10242642_0100,1
10242647,111580-07_10242647_0100,1
10243745,123550-06_10243745_1000,1
10245922,110980-02_10245922_0200,1
10248693,111180-13_10248693_0100,1
10249640,110980-01_10249640_0700,1
10249640,110980-01_10249640_0701,1
10249640,110980-01_10249640_0703,1
10249640,110980-01_10249640_0704,1
10261993,135130-18_10261993_0500,1
10261993,135130-19_10261993_0400,1
10263637,111260-11_10263637_0600,1
10263637,111260-11_10263637_0500,1
10263637,111230-06_10263637_0100,1
10279822,111190-03_10279822_0300,1
10291336,111150-07_10291336_0100,1
10292457,110980-01_10292457_0700,1
10292457,110980-01_10292457_0701,1
10292457,110980-01_10292457_0703,1
10292457,110980-01_10292457_0705,1
10292459,110980-01_10292459_0704,1
10292459,110980-01_10292459_0703,1
10292459,110980-01_10292459_0701,1
10292459,110980-01_10292459_0700,1
10292462,110980-01_10292462_0700,1
10292462,110980-01_10292462_0701,1
10292462,110980-01_10292462_0703,1
10292462,110980-01_10292462_0704,1
10292462,110980-02_10292462_0200,1
10292471,110980-01_10292471_0710,1
10292471,110980-01_10292471_0709,1
10292471,110980-01_10292471_0702,1
10292471,110980-01_10292471_0704,1
10293678,123530-05_10293678_0800,1
10294143,135100-07_10294143_0100,1
10294668,134130-35_10294668_1500,1
10294721,134130-01_10294721_1300,1
10296896,134130-04_10296896_1400,1
10298193,123530-04_10298193_0800,1
10298193,123530-04_10298193_0801,1
10298193,123530-04_10298193_0802,1
10298391,111190-01_10298391_0101,1
10298391,111190-01_10298391_0105,1
10298391,111190-01_10298391_0109,1
10298391,111190-03_10298391_0300,1
10298391,111190-03_10298391_0301,1
10298709,111560-04_10298709_0100,1
10301997,110980-01_10301997_0701,1
10301997,111190-01_10301997_0102,1
10301997,111190-03_10301997_0300,1
10301997,111190-01_10301997_0101,1
10301997,110980-01_10301997_0700,1
10301997,110980-01_10301997_0704,1
10301997,110980-01_10301997_0703,1
10301997,111190-01_10301997_0100,1
10313320,134130-05_10313320_1300,1
10313500,134130-03_10313500_0400,1
10313500,134130-05_10313500_1300,1
10316502,123520-03_10316502_0100,1
10319118,134130-05_10319118_1700,1
10319303,123410-15_10319303_0200,1
10319303,123410-15_10319303_0110,1
10319342,123410-15_10319342_0200,1
10326785,134130-08_10326785_1300,1
10400032,123530-05_10400032_0800,1
10502480,134130-01_10502480_1600,1
10502480,134130-01_10502480_1500,1
10504699,110980-01_10504699_0701,1
10504699,110980-01_10504699_0702,1
10504699,110980-01_10504699_0703,1
10504699,111180-09_10504699_0500,1
10504699,111190-01_10504699_0102,1
10504699,111190-03_10504699_0300,1
10505034,123510-05_10505034_1500,1
10506605,110980-02_10506605_0200,1
10506832,135150-02_10506832_0400,1
10506832,135150-06_10506832_0300,1
10506916,110980-01_10506916_0700,1
10506916,110980-01_10506916_0701,1
10506916,110980-01_10506916_0703,1
10506916,110980-01_10506916_0704,1
10508450,111260-02_10508450_0600,1
10508450,111260-03_10508450_0700,1
10508450,111260-02_10508450_0500,1
10510314,134130-35_10510314_1500,1
10510655,111190-01_10510655_0100,1
10510655,111190-01_10510655_0104,1
10510655,111190-01_10510655_0105,1
10510655,111190-03_10510655_0300,1
10511194,110980-01_10511194_0704,1
10511194,110980-01_10511194_0700,1
10511194,110980-01_10511194_0701,1
10511194,110980-01_10511194_0703,1
10511194,110980-02_10511194_0200,1
10511986,112020-01_10511986_0100,1
10513514,110320-04_10513514_0100,1
10513514,110320-04_10513514_0102,1
10515196,111030-07_10515196_1000,1
10515356,111190-01_10515356_0103,1
10515356,111190-01_10515356_0105,1
10515356,111190-01_10515356_0101,1
10515402,111180-09_10515402_0200,1
10519187,123520-02_10519187_0300,1
10519743,135100-07_10519743_0500,1
10520104,111260-01_10520104_0500,1
10520104,111260-02_10520104_0600,1
10520104,111260-02_10520104_0700,1
10520647,110980-01_10520647_0700,1
10520647,110980-01_10520647_0701,1
10520647,110980-01_10520647_0703,1
10520647,110980-01_10520647_0704,1
10520647,111190-01_10520647_0100,1
10520647,111190-01_10520647_0103,1
10520647,111190-01_10520647_0106,1
10520769,123680-05_10520769_0700,1
10520925,111230-06_10520925_0100,1
10520925,111230-06_10520925_0200,1
10521300,134130-35_10521300_1500,1
10537599,111260-02_10537599_0300,1
10537599,111260-02_10537599_0400,1
10537599,111260-01_10537599_0500,1
10538689,110980-01_10538689_0101,1
10538689,110980-01_10538689_0102,1
10538689,110980-01_10538689_0107,1
10538689,110980-01_10538689_0109,1
10538689,110980-01_10538689_0110,1
10538689,110980-02_10538689_0200,1
10538689,110980-02_10538689_0201,1
10538696,110980-01_10538696_0102,1
10538696,110980-01_10538696_0103,1
10538696,110980-01_10538696_0105,1
10538696,110980-01_10538696_0107,1
10538696,110980-02_10538696_0200,1
10538698,110980-01_10538698_0104,1
10538698,110980-01_10538698_0106,1
10538698,110980-01_10538698_0101,1
10538698,110980-01_10538698_0102,1
10538698,110980-02_10538698_0200,1
10538701,110980-02_10538701_0200,1
10538701,110980-01_10538701_0106,1
10538701,110980-01_10538701_0101,1
10538701,110980-01_10538701_0102,1
10538701,110980-01_10538701_0104,1
10539409,123550-06_10539409_1000,1
10540892,111180-09_10540892_0201,1
10540910,111180-09_10540910_0201,1
10541668,134130-35_10541668_1500,1
10542148,134130-35_10542148_1500,1
10542317,110980-02_10542317_0201,1
10542317,110980-02_10542317_0200,1
10542317,110980-01_10542317_0117,1
10542317,110980-01_10542317_0114,1
10542317,110980-01_10542317_0112,1
10542317,110980-01_10542317_0111,1
10542317,110980-01_10542317_0116,1
10542329,134130-35_10542329_1500,1
10542819,123550-04_10542819_1000,1
10542880,111260-02_10542880_0700,1
10542880,111260-11_10542880_0600,1
10542880,111260-02_10542880_0600,1
10542880,111230-06_10542880_0200,1
10542880,111230-06_10542880_0300,1
10542880,111260-01_10542880_0400,1
10543759,111190-03_10543759_0300,1
10552174,110980-01_10552174_0101,1
10552174,110980-01_10552174_0102,1
10552174,110980-01_10552174_0104,1
10552174,110980-01_10552174_0106,1
10552174,110980-02_10552174_0200,1
10552205,110980-01_10552205_0106,1
10552205,110980-01_10552205_0101,1
10552205,110980-01_10552205_0102,1
10552205,110980-01_10552205_0104,1
10552205,110980-02_10552205_0200,1
10553996,110980-02_10553996_0101,1
10553996,110980-02_10553996_0100,1
10554716,123590-01_10554716_0100,1
10554716,123590-02_10554716_0200,1
10554716,123590-04_10554716_0400,1
10555021,123530-05_10555021_0800,1
10555748,124870-02_10555748_0100,1
10558474,134130-35_10558474_1500,1
10558998,134130-08_10558998_1400,1
10559303,123510-05_10559303_1000,1
10559679,123540-12_10559679_1200,1
10561179,111190-01_10561179_0101,1
10561179,111190-01_10561179_0105,1
10561179,111190-01_10561179_0111,1
10561179,111190-03_10561179_0301,1
10561179,111190-03_10561179_0302,1
10567149,111260-02_10567149_0500,1
10567149,111260-02_10567149_0600,1
10567469,134130-35_10567469_1500,1
10569714,123510-05_10569714_1000,1
10569968,135150-17_10569968_0800,1
10575702,110980-01_10575702_0100,1
10575702,110980-01_10575702_0101,1
10575702,110980-01_10575702_0103,1
10575702,110980-01_10575702_0106,1
10575704,110980-01_10575704_0100,1
10575704,110980-01_10575704_0101,1
10575704,110980-01_10575704_0102,1
10575704,110980-01_10575704_0105,1
10576627,111190-01_10576627_0102,1
10576627,111190-01_10576627_0111,1
10576627,111190-03_10576627_0301,1
10576627,111190-03_10576627_0302,1
10577763,123540-14_10577763_0100,1
10577764,123540-14_10577764_0200,1
10577764,123540-05_10577764_0100,1
10577767,123540-14_10577767_0200,1
10577770,123540-14_10577770_0200,1
10578440,123540-05_10578440_0500,1
10578440,123540-14_10578440_0100,1
10579453,111190-01_10579453_0100,1
10579453,111190-01_10579453_0103,1
10579453,111190-01_10579453_0104,1
10579655,134130-35_10579655_1500,1
10579947,124870-01_10579947_0100,1
10580718,135150-07_10580718_0200,1
10582039,123420-17_10582039_0100,1
10582753,123410-15_10582753_0100,1
10582753,123410-15_10582753_0200,1
10583972,111190-03_10583972_0300,1
10585243,123510-02_10585243_1000,1
10585243,123510-05_10585243_1000,1
10585451,111190-03_10585451_0301,1
10586240,134130-41_10586240_1400,1
10586240,134130-05_10586240_1700,1
10586345,111180-09_10586345_0100,1
10586345,111180-12_10586345_0200,1
10586867,111180-09_10586867_0100,1
10588163,134130-08_10588163_1400,1
10588639,111260-11_10588639_0700,1
10588639,111260-01_10588639_0500,1
10588639,111260-02_10588639_0700,1
10588639,111260-02_10588639_0800,1
10588639,111260-11_10588639_0800,1
10589091,123470-31_10589091_0100,1
10591909,111190-03_10591909_0300,1
10593589,111700-11_10593589_0400,1
10595617,134130-02_10595617_1300,1
10596860,111190-03_10596860_0300,1
10597735,110320-03_10597735_0300,1
10597905,111190-01_10597905_0105,1
10597905,111190-03_10597905_0300,1
10597905,111190-01_10597905_0100,1
10597905,111190-01_10597905_0101,1
10602857,123590-04_10602857_0300,1
10602857,123590-06_10602857_0200,1
10603624,111120-07_10603624_0300,1
10604227,110980-01_10604227_0706,1
10604227,110980-01_10604227_0703,1
10604227,110980-02_10604227_0200,1
10604227,110980-01_10604227_0700,1
10604227,110980-01_10604227_0701,1
10604281,134130-35_10604281_1500,1
10604391,111190-02_10604391_0200,1
10604399,111190-02_10604399_0200,1
10604591,111230-06_10604591_0300,1
10604591,111230-06_10604591_0400,1
10606482,124870-02_10606482_0300,1
10606568,123540-14_10606568_0100,1
10606772,111260-02_10606772_0600,1
10606773,111260-11_10606773_0400,1
10606773,111260-11_10606773_0300,1
10606773,111230-06_10606773_0500,1
10606773,111230-06_10606773_0600,1
10607264,123020-03_10607264_0700,1
10608407,111180-08_10608407_0100,1
10608539,111120-07_10608539_0300,1
10608729,134130-35_10608729_1500,1
10609381,134130-05_10609381_1400,1
10609383,134130-05_10609383_1300,1
10609384,134130-05_10609384_1700,1
10609384,134130-41_10609384_1400,1
10609452,134130-05_10609452_1300,1
10609460,134130-05_10609460_1700,1
10609463,134130-05_10609463_1700,1
10609463,134130-41_10609463_1400,1
10609567,134130-05_10609567_1300,1
10610466,134130-35_10610466_1500,1
10611014,111180-15_10611014_0100,1
10611550,100450-26_10611550_1261,1
10612684,134130-05_10612684_1300,1
10700485,134130-35_10700485_1500,1
10700608,134130-35_10700608_1500,1
10701693,134130-03_10701693_1400,1
10701710,111180-09_10701710_0200,1
10701796,110980-01_10701796_0700,1
10701796,110980-01_10701796_0701,1
10701796,110980-01_10701796_0702,1
10701796,110980-01_10701796_0704,1
10701796,110980-02_10701796_0200,1
10701797,110980-01_10701797_0700,1
10701797,110980-01_10701797_0701,1
10701797,110980-01_10701797_0702,1
10701797,110980-01_10701797_0704,1
10701797,110980-02_10701797_0200,1
10702089,123530-04_10702089_0200,1
10703004,111190-02_10703004_0200,1
10703866,123510-05_10703866_1200,1
10704952,134130-08_10704952_1300,1
10705585,110980-01_10705585_0700,1
10705585,110980-01_10705585_0701,1
10705585,110980-01_10705585_0702,1
10705585,110980-01_10705585_0703,1
10705585,110980-01_10705585_0704,1
10706125,111480-01_10706125_0100,1
10706761,111190-03_10706761_0300,1
10707410,123020-73_10707410_0700,1
10707437,111480-01_10707437_0100,1
10709136,111260-02_10709136_0300,1
10709136,111260-02_10709136_0600,1
10709148,111260-01_10709148_0100,1
10709148,111260-02_10709148_0300,1
10712493,134130-31_10712493_1500,1
10713175,111190-03_10713175_0300,1
10713175,111190-01_10713175_0101,1
10713175,111190-01_10713175_0100,1
10714021,123510-05_10714021_1200,1
10714353,134130-05_10714353_1300,1
10715100,123530-05_10715100_0800,1
10715100,123530-05_10715100_0801,1
10715100,123530-05_10715100_0802,1
10715495,134130-05_10715495_1400,1
10716959,134130-31_10716959_1500,1
10716959,134130-32_10716959_1600,1
10736532,111230-05_10736532_0100,1
10745469,110980-01_10745469_0100,1
10745469,110980-01_10745469_0101,1
10745469,110980-01_10745469_0102,1
10745469,110980-01_10745469_0103,1
10745469,110980-02_10745469_0200,1
10748671,134130-01_10748671_1400,1
10756167,111180-12_10756167_0300,1
10756167,111180-09_10756167_0100,1
10756229,134130-35_10756229_1500,1
10756512,110980-01_10756512_0100,1
10757257,100710-30_10757257_0110,1
10773805,111120-07_10773805_0300,1
10777106,111230-06_10777106_0300,1
10777106,111230-06_10777106_0400,1
10781543,111260-01_10781543_0100,1
10783708,110980-01_10783708_0700,1
10783708,110980-01_10783708_0701,1
10783711,110980-01_10783711_0700,1
10783711,110980-01_10783711_0701,1
10783711,110980-01_10783711_0702,1
10783711,110980-01_10783711_0703,1
10783711,110980-01_10783711_0704,1
10783860,123510-05_10783860_1200,1
10785582,111120-07_10785582_0300,1
10812282,123020-03_10812282_0700,1
10813204,111260-03_10813204_0700,1
10813204,111260-02_10813204_0100,1
10813496,123510-05_10813496_1200,1
10814728,124930-21_10814728_2100,1
10831370,111260-01_10831370_0200,1
10831370,111260-11_10831370_0300,1
10836361,110980-01_10836361_0100,1
10837145,123510-02_10837145_1000,1
10838035,134130-08_10838035_1300,1
10839311,111260-01_10839311_0100,1
10848567,111190-03_10848567_0400,1
10851404,123680-08_10851404_0300,1
10861621,111700-11_10861621_0100,1
10867893,111700-11_10867893_0100,1
10868566,110980-01_10868566_0103,1
10868566,110980-01_10868566_0102,1
10868566,110980-01_10868566_0104,1
10868566,110980-01_10868566_0100,1
10868566,110980-01_10868566_0101,1
10873562,111190-01_10873562_0100,1
10873562,111190-01_10873562_0101,1
10873562,111190-01_10873562_0102,1
10873936,111230-06_10873936_0400,1
10880595,111230-06_10880595_1111,1
10880595,111230-06_10880595_0300,1
10882693,111190-01_10882693_0100,1
10882701,111190-01_10882701_0100,1
10883963,123530-05_10883963_0800,1
10883963,123530-05_10883963_0801,1
10883963,123530-05_10883963_0802,1
10884342,134130-31_10884342_1500,1
10884342,134130-32_10884342_1700,1
10892089,134130-03_10892089_0300,1
10892741,134130-04_10892741_0400,1
10892794,134130-41_10892794_1400,1
10892801,134130-41_10892801_1400,1
10892801,134130-05_10892801_1300,1
10892844,134130-05_10892844_1700,1
10897900,134130-08_10897900_1500,1
10909073,134130-05_10909073_1300,1
10909676,111230-06_10909676_0300,1
10910461,110980-01_10910461_0100,1
10910461,110980-01_10910461_0101,1
10911086,134130-05_10911086_1100,1
10911158,134130-05_10911158_1300,1
10911159,123680-23_10911159_0500,1
10911159,123680-05_10911159_0400,1
10911161,134130-05_10911161_1100,1
10911214,100450-26_10911214_1261,1
10911547,134130-05_10911547_1300,1
10912789,134130-05_10912789_1300,1
10912864,134130-05_10912864_1300,1
10914505,123530-05_10914505_0800,1
10914597,111190-03_10914597_0300,1
10914597,111190-03_10914597_0301,1
10914597,111190-01_10914597_0102,1
10914597,111180-09_10914597_0400,1
10914597,111190-01_10914597_0100,1
10914597,111190-01_10914597_0101,1
10925289,135150-06_10925289_0200,1
10925289,135150-15_10925289_0100,1
10933957,111230-06_10933957_0100,1
10933957,111230-06_10933957_0200,1
10933957,111260-01_10933957_0300,1
10933957,111260-02_10933957_0500,1
10933957,111260-02_10933957_0600,1
10934304,135150-07_10934304_0100,1
10934613,111030-07_10934613_1000,1
10937401,110980-01_10937401_0101,1
10937401,110980-01_10937401_0100,1
10937401,110980-01_10937401_0102,1
10938778,110980-02_10938778_0201,1
10938778,110980-02_10938778_0200,1
10938778,110980-01_10938778_0103,1
10938778,110980-01_10938778_0102,1
10938778,110980-01_10938778_0101,1
10938778,110980-01_10938778_0100,1
10939424,110980-01_10939424_0100,1
10939424,110980-01_10939424_0101,1
10939424,110980-01_10939424_0102,1
10939424,110980-02_10939424_0200,1
10939424,110980-02_10939424_0201,1
10939960,123530-03_10939960_0200,1
10940373,110980-02_10940373_0700,1
10940373,110980-02_10940373_0701,1
10940639,110980-02_10940639_0201,1
10940639,110980-02_10940639_0200,1
10940639,110980-01_10940639_0103,1
10940639,110980-02_10940639_0202,1
10940639,110980-01_10940639_0101,1
10940639,110980-01_10940639_0100,1
10940639,110980-01_10940639_0102,1
10940896,110980-01_10940896_0700,1
10940896,110980-01_10940896_0701,1
10940896,110980-01_10940896_0702,1
10940896,110980-01_10940896_0704,1
10941375,110980-02_10941375_0201,1
10941375,110980-01_10941375_0103,1
10941375,110980-01_10941375_0101,1
10941375,110980-01_10941375_0102,1
10941969,123530-05_10941969_0100,1
10942238,110980-02_10942238_0202,1
10942238,110980-01_10942238_0100,1
10942238,110980-01_10942238_0101,1
10942238,110980-01_10942238_0102,1
10942238,110980-01_10942238_0103,1
10942238,110980-02_10942238_0200,1
10942238,110980-02_10942238_0201,1
10942406,110980-02_10942406_0200,1
10942406,110980-01_10942406_0102,1
10942406,110980-01_10942406_0100,1
10942406,110980-01_10942406_0101,1
10942643,123530-05_10942643_0100,1
10942643,123530-05_10942643_0101,1
10951590,111580-07_10951590_0200,1
10953806,110980-02_10953806_0201,1
10953806,110980-01_10953806_0100,1
10953806,110980-01_10953806_0101,1
10953806,110980-01_10953806_0102,1
10953806,110980-01_10953806_0103,1
10953806,110980-02_10953806_0200,1
10953806,110980-02_10953806_0202,1
10956077,100450-26_10956077_1261,1
10956457,123510-02_10956457_1000,1
10961107,110980-01_10961107_0800,1
10961107,110980-03_10961107_0800,1
10961107,110980-01_10961107_0100,1
10961107,110980-01_10961107_0101,1
10961648,110980-02_10961648_0201,1
10961648,110980-02_10961648_0200,1
10961648,110980-01_10961648_0704,1
10961648,110980-01_10961648_0700,1
10961648,110980-01_10961648_0702,1
10961648,110980-01_10961648_0701,1
10961648,110980-01_10961648_0703,1
10962981,124600-10_10962981_0100,1
10966282,123540-03_10966282_0100,1
10968623,134130-05_10968623_1700,1
10971768,123550-09_10971768_1000,1
10971923,135120-08_10971923_0100,1
10971923,135130-18_10971923_0400,1
10973066,110980-02_10973066_0200,1
10973066,110980-02_10973066_0201,1
10973077,110980-02_10973077_0200,1
10973077,110980-02_10973077_0201,1
10973676,134130-05_10973676_1300,1
10975306,123530-05_10975306_0101,1
10975306,123530-05_10975306_0100,1
10976738,110980-01_10976738_0100,1
10981157,123510-02_10981157_1000,1
10985823,110980-02_10985823_0100,1
10985823,110980-02_10985823_0101,1
10986196,111190-01_10986196_0100,1
10990438,111190-01_10990438_0102,1
10990438,111190-03_10990438_0300,1
10990438,111190-01_10990438_0100,1
10990438,111190-01_10990438_0101,1
10990525,111230-06_10990525_1111,1
10990525,111230-06_10990525_0100,1
10999580,123520-07_10999580_0100,1
10999580,123520-07_10999580_0101,1
11001706,134130-05_11001706_0100,1
11003463,134130-08_11003463_1300,1
11003464,134130-08_11003464_1300,1
11003465,134130-08_11003465_1300,1
11003466,134130-08_11003466_1300,1
11006316,123020-24_11006316_0100,1
11006778,111990-01_11006778_0100,1
11006778,111990-01_11006778_0300,1
11006779,111990-01_11006779_0100,1
11006779,111990-01_11006779_0300,1
11006971,123580-02_11006971_0100,1
11007134,134130-08_11007134_1300,1
11007218,123580-01_11007218_0100,1
11007382,123520-07_11007382_0101,1
11007382,123520-07_11007382_0100,1
11007972,123510-05_11007972_1000,1
11008956,123590-01_11008956_0100,1
11009538,111260-02_10061083_0709,1
11009538,111260-02_10061083_0710,1
11009538,111260-03_10061083_0700,1
11009655,123590-01_11009655_0100,1
11010065,111230-06_11010065_0300,1
11010065,111230-06_11010065_0200,1
11010584,123080-13_11003362_0200,1
11010702,123540-03_11010702_0100,1
11010740,134130-05_11010740_1300,1
11011434,124270-02_11011434_0100,1
11011443,123410-15_11011443_0100,1
11011523,123580-01_11011523_0100,1
11011890,123530-04_11011890_0200,1
11012152,123410-15_11012152_0100,1
11016416,123590-06_11016416_0100,1
11017794,110980-01_11017794_0100,1
11017794,110980-02_11017794_0200,1
11018093,110980-01_11018093_0100,1
11020003,123530-07_11020003_0700,1
11022177,111480-01_11022177_0100,1
11022520,111230-06_11022520_1111,1
11022790,134130-05_11022790_1300,1
11022791,134130-05_11022791_1300,1
11022888,124870-03_11022888_0100,1
11022903,134130-35_11022903_1500,1
11024103,111120-07_11024103_0300,1
11025605,134130-05_11025605_1300,1
11025606,134130-05_11025606_1300,1
11026891,123420-17_11026891_0100,1
11026891,123420-15_11026891_0100,1
11030690,111120-07_11030690_0300,1
11030998,123020-03_11030998_0700,1
11031528,134130-05_11031528_1300,1
11031891,123470-20_11031891_0100,1
11033566,111150-07_11033566_0100,1
11034708,111120-07_11034708_0300,1
11037737,123510-05_11037737_1000,1
11038103,111230-06_11038103_1111,1
11038164,123590-01_11038164_0100,1
11038797,111190-03_11038797_0300,1
11039783,111120-07_11039783_0300,1
11041146,123510-05_11041146_1000,1
